text,keywords
"¬´—à–∫–æ–ª–∞ –∏–Ω–∂–µ–Ω–µ—Ä–∞¬ª: —Å–∫–æ—Ä–æ —Å—Ç–∞—Ä—Ç—É–µ–º! üöÄ

17 —Ñ–µ–≤—Ä–∞–ª—è –º—ã –ø—Ä–æ–≤–µ–¥–µ–º –ø–µ—Ä–≤–æ–µ –∑–∞–Ω—è—Ç–∏–µ –Ω–æ–≤–æ–≥–æ –∫—É—Ä—Å–∞. —É—Å–ø–µ–≤–∞–π –æ—Å—Ç–∞–≤–∏—Ç—å –∑–∞—è–≤–∫—É –Ω–∞ –Ω–∞—à–µ–º —Å–∞–π—Ç–µ: https://digdes.ru/it-university/courses/shkola-inzhenera.

üìç–ø–æ–∑–Ω–∞–∫–æ–º–∏–º—Å—è –Ω–∞ —Ç–µ–æ—Ä–∏–∏ –∏ –ø—Ä–∞–∫—Ç–∏–∫–µ —Å .net, c#, asp.net mvc, react, ms sql server, docsvision, nlb.

üìç–æ–±—É—á–µ–Ω–∏–µ –±–µ—Å–ø–ª–∞—Ç–Ω–æ–µ –≤ –≤–µ—á–µ—Ä–Ω–µ–µ –≤—Ä–µ–º—è –≤ –Ω–∞—à–µ–º –æ—Ñ–∏—Å–µ –Ω–∞ –Ω–∞–±. —Ä. —Å–º–æ–ª–µ–Ω–∫–∏, 33 (—Å—Ç. –º. ¬´–ø—Ä–∏–º–æ—Ä—Å–∫–∞—è¬ª).

üìç –ª—É—á—à–∏—Ö —Å—Ç—É–¥–µ–Ω—Ç–æ–≤ –ø—Ä–∏–≥–ª–∞—à–∞–µ–º –Ω–∞ —Å—Ç–∞–∂–∏—Ä–æ–≤–∫—É —Å –ø–æ—Å–ª–µ–¥—É—é—â–∏–º —Ç—Ä—É–¥–æ—É—Å—Ç—Ä–æ–π—Å—Ç–≤–æ–º.","['c', '–∏–Ω–∂–µ–Ω–µ—Ä']"
"#–∏—Ç–º–æ—Å—Ç–∞–∂–∏—Ä–æ–≤–∫–∞ –≤ torrow technologies ‚ú® 
 
–ø—Ä–æ–≥—Ä–∞–º–º–∞ –≤–∫–ª—é—á–∞–µ—Ç –æ–±—É—á–µ–Ω–∏–µ –∏ —Å—Ç–∞–∂–∏—Ä–æ–≤–∫—É –ø–æ –Ω–∞–ø—Ä–∞–≤–ª–µ–Ω–∏—è–º: 

üìé—Ä–∞–∑—Ä–∞–±–æ—Ç—á–∏–∫ –ø—Ä–æ–≥—Ä–∞–º–º–Ω–æ–≥–æ –æ–±–µ—Å–ø–µ—á–µ–Ω–∏—è (frontend –∏ backend) 
üìé–∞–Ω–∞–ª–∏—Ç–∏–∫ –ø—Ä–æ–≥—Ä–∞–º–º–Ω–æ–≥–æ –æ–±–µ—Å–ø–µ—á–µ–Ω–∏—è 
üìé–∏–Ω–∂–µ–Ω–µ—Ä –∞–≤—Ç–æ–º–∞—Ç–∏–∑–∞—Ü–∏–∏ —Ç–µ—Å—Ç–∏—Ä–æ–≤–∞–Ω–∏—è 
üìédevops –∏–Ω–∂–µ–Ω–µ—Ä 
 
—Å—Ç–∞—Ä—Ç –æ–±—É—á–µ–Ω–∏—è - 5 –º–∞—Ä—Ç–∞. 
–ø—Ä–µ–∑–µ–Ω—Ç–∞—Ü–∏—è –∫—É—Ä—Å–∞ —Å–æ—Å—Ç–æ–∏—Ç—Å—è 26 –∏ 27 —Ñ–µ–≤—Ä–∞–ª—è –≤ 18.00 –≤ –æ—Ñ–∏—Å–µ –∫–æ–º–ø–∞–Ω–∏–∏. 
 
üìå–ø—Ä–æ–≥—Ä–∞–º–º–∞ —Å—Ç–∞–∂–∏—Ä–æ–≤–∫–∏ https://vk.cc/92anol 

üìÑ—Ä–µ–∑—é–º–µ –Ω–∞–ø—Ä–∞–≤–ª—è—Ç—å –Ω–∞ –ø–æ—á—Ç—É hr@torrowtech.com","['c', 'frontend', 'backend', '–∞–Ω–∞–ª–∏—Ç–∏–∫', '—Ç–µ—Å—Ç–∏—Ä–æ–≤–∞–Ω–∏–µ', '—Ä–∞–∑—Ä–∞–±–æ—Ç—á–∏–∫', '–∏–Ω–∂–µ–Ω–µ—Ä']"
"#–∏—Ç–º–æ—Å—Ç–∞–∂–∏—Ä–æ–≤–∫–∞

—à–∫–æ–ª–∞ –º–æ–±–∏–ª—å–Ω–æ–≥–æ –º–∞—Ä–∫–µ—Ç–∏–Ω–≥–∞ advert school –æ—Ç–∫—Ä—ã–≤–∞–µ—Ç –µ—â—ë –æ–¥–∏–Ω –Ω–∞–±–æ—Ä –Ω–∞ —Å—Ç–∞–∂–∏—Ä–æ–≤–∫–∏ —Å –≤–æ–∑–º–æ–∂–Ω–æ—Å—Ç—å—é –ø–æ—Å–ª–µ–¥—É—é—â–µ–≥–æ —Ç—Ä—É–¥–æ—É—Å—Ç—Ä–æ–π—Å—Ç–≤–∞. 
–µ—Å–ª–∏ –≤—ã –∑–∞–∏–Ω—Ç–µ—Ä–µ—Å–æ–≤–∞–Ω—ã –≤ —Å—Ñ–µ—Ä–µ –º–æ–±–∞–π–ª–∞, —Ç–æ —ç—Ç–∞ –ø—Ä–æ–≥—Ä–∞–º–º–∞ –¥–ª—è –≤–∞—Å üëáüèª

- –±–µ—Å–ø–ª–∞—Ç–Ω–æ–µ –æ–±—É—á–µ–Ω–∏–µ –Ω–∞—Å—Ç—Ä–æ–π–∫–µ —Ä–µ–∫–ª–∞–º–Ω—ã—Ö –∫–∞–º–ø–∞–Ω–∏–π –Ω–∞ –ø—Ä–∞–∫—Ç–∏–∫–µ 
- –æ–ø—ã—Ç —Ä–∞–±–æ—Ç—ã —Å –∫—Ä—É–ø–Ω–µ–π—à–∏–º–∏ –∏—Å—Ç–æ—á–Ω–∏–∫–∞–º–∏ –º–æ–±–∏–ª—å–Ω–æ–≥–æ —Ç—Ä–∞—Ñ–∏–∫–∞ ‚Äì facebook –∏ instagram 
- —Ä–∞–±–æ—Ç–∞ —Å —Ä–µ–∞–ª—å–Ω—ã–º–∏ –±—é–¥–∂–µ—Ç–∞–º–∏ –∏ —Ä–µ–∞–ª—å–Ω—ã–º–∏ –ø—Ä–æ–µ–∫—Ç–∞–º–∏ 
- –≤–æ–∑–º–æ–∂–Ω–æ—Å—Ç—å –ø–æ–ª—É—á–∏—Ç—å –∫—Ä—É—Ç—É—é —Ä–∞–±–æ—Ç—É –ø–æ –æ–∫–æ–Ω—á–∞–Ω–∏—é —Å—Ç–∞–∂–∏—Ä–æ–≤–∫–∏ 
 
—Å—Ç–∞—Ä—Ç –ø—Ä–æ–≥—Ä–∞–º–º—ã: 25 —Ñ–µ–≤—Ä–∞–ª—è
–ª–æ–∫–∞—Ü–∏—è: –º.—á–µ—Ä–Ω—ã—à–µ–≤—Å–∫–∞—è 
–ø—Ä–æ–¥–æ–ª–∂–∏—Ç–µ–ª—å–Ω–æ—Å—Ç—å: 1 –º–µ—Å—è—Ü 
–∑–∞–Ω—è—Ç–æ—Å—Ç—å: 5/2 —Å 11.00 –¥–æ 18.00 
—Å—Ç–æ–∏–º–æ—Å—Ç—å: –±–µ—Å–ø–ª–∞—Ç–Ω–æ 
 –∏—Ç–æ–≥ —Å—Ç–∞–∂–∏—Ä–æ–≤–∫–∏: –æ—Ñ–∏—Ü–∏–∞–ª—å–Ω–æ–µ —Ç—Ä—É–¥–æ—É—Å—Ç—Ä–æ–π—Å—Ç–≤–æ, –¥–æ—Å—Ç–æ–π–Ω—ã–π –¥–æ—Ö–æ–¥, —É—á–∞—Å—Ç–∏–µ –≤ –ø—Ä–æ–≤–µ–¥–µ–Ω–∏–∏ –º–∞—Å—à—Ç–∞–±–Ω—ã—Ö —Ä–µ–∫–ª–∞–º–Ω—ã—Ö –∫–∞–º–ø–∞–Ω–∏–π, —Ä–∞–±–æ—Ç–∞ –≤ –∫–æ–º–∞–Ω–¥–µ high-level –ø—Ä–æ—Ñ–µ—Å—Å–∏–æ–Ω–∞–ª–æ–≤, —É—Å–ø–µ—Ö –∏ –ø—Ä–∏–∑–Ω–∞–Ω–∏–µ.

–∑–∞–ø–æ–ª–Ω—è–π –∑–∞—è–≤–∫—É –ø–æ —Å—Å—ã–ª–∫–µ –∏ –ø—Ä–æ–π–¥–∏ –ø—Ä–µ–¥–≤–∞—Ä–∏—Ç–µ–ª—å–Ω—ã–π –æ—Ç–±–æ—Ä: https://vk.cc/92b5nm",['c']
"–æ—Ç–∫—Ä—ã—Ç –Ω–∞–±–æ—Ä –Ω–∞ –∫–æ–Ω–∫—É—Ä—Å study abroad at home –≤ —É–Ω–∏–≤–µ—Ä—Å–∏—Ç–µ—Ç–µ –∏—Ç–º–æ –∏ —ç—Ç–æ –æ—Ç–ª–∏—á–Ω–∞—è –≤–æ–∑–º–æ–∂–Ω–æ—Å—Ç—å –¥–ª—è —É—á–µ–±—ã –≤–º–µ—Å—Ç–µ —Å –∏–Ω–æ—Å—Ç—Ä–∞–Ω–Ω—ã–º–∏ —Å—Ç—É–¥–µ–Ω—Ç–∞–º–∏ –ø–æ –æ–±–º–µ–Ω—É! 

–¥–µ—Ä–∂–∏ 5 –ø—Ä–∏—á–∏–Ω, –ø–æ—á–µ–º—É –Ω—É–∂–Ω–æ –ø—Ä–∏–Ω—è—Ç—å —É—á–∞—Å—Ç–∏–µ –≤ –∫–æ–Ω–∫—É—Ä—Å–µ: 
1. –ø—Ä–µ–ø–æ–¥–∞–≤–∞–Ω–∏–µ ‚Äî –Ω–∞ –∞–Ω–≥–ª–∏–π—Å–∫–æ–º —è–∑—ã–∫–µ, –≤ —Ç–æ–º —á–∏—Å–ª–µ, –Ω–æ—Å–∏—Ç–µ–ª—è–º–∏ —è–∑—ã–∫–∞; 
2. —É—á–µ–±–∞ –≤ –º–µ–∂–¥—É–Ω–∞—Ä–æ–¥–Ω–æ–π –≥—Ä—É–ø–ø–µ –≤–º–µ—Å—Ç–µ —Å–æ —Å—Ç—É–¥–µ–Ω—Ç–∞–º–∏ –∏–∑ —Ñ—Ä–∞–Ω—Ü–∏–∏, –≥–µ—Ä–º–∞–Ω–∏–∏, —é–∂–Ω–æ–π –∫–æ—Ä–µ–∏, —Ç–∞–π–≤–∞–Ω—è, —Ñ–∏–Ω–ª—è–Ω–¥–∏–∏, –º–µ–∫—Å–∏–∫–∏, —á–µ—Ö–∏–∏ –∏ –¥—Ä—É–≥–∏—Ö —Å—Ç—Ä–∞–Ω; 
3.–º–æ–¥—É–ª—å–Ω–∞—è —Å–∏—Å—Ç–µ–º–∞ –æ–±—É—á–µ–Ω–∏—è; 
4.–≤–æ–∑–º–æ–∂–Ω–æ—Å—Ç—å –≤—ã–±—Ä–∞—Ç—å –ª—é–±—ã–µ —Ç—Ä–∏ –ø—Ä–µ–¥–º–µ—Ç–∞; 
5. —Å–µ—Ä—Ç–∏—Ñ–∏–∫–∞—Ç –ø–æ –æ–∫–æ–Ω—á–∞–Ω–∏–∏ –ø—Ä–æ–≥—Ä–∞–º–º—ã. 

–∫ —É—á–∞—Å—Ç–∏—é –ø—Ä–∏–≥–ª–∞—à–∞—é—Ç—Å—è –≤—Å–µ —Å—Ç—É–¥–µ–Ω—Ç—ã —É–Ω–∏–≤–µ—Ä—Å–∏—Ç–µ—Ç–∞ –∏—Ç–º–æ. —É—Å–ø–µ–π –¥–æ 15 —Å–µ–Ω—Ç—è–±—Ä—è! 

–∫–∞–∫ –ø–æ–¥–∞—Ç—å –∑–∞—è–≤–∫—É –∏ –¥—Ä—É–≥–∏–µ –ø–æ–¥—Ä–æ–±–Ω–æ—Å—Ç–∏ –æ –ø—Ä–æ–≥—Ä–∞–º–º–µ ‚Äî –Ω–∞ –Ω–∞—à–µ–º —Å–∞–π—Ç–µ: https://vk.cc/9kqpxn",['–∞–Ω–≥–ª–∏–π—Å–∫–∏–π']
"#–∏—Ç–º–æ—Å—Ç–∞–∂–∏—Ä–æ–≤–∫–∞ –≤ —Å–∫–±-–∫–æ–Ω—Ç—É—Ä –∏ —è–Ω–¥–µ–∫—Å–µüí•

–≤ –∫–æ–º–ø–∞–Ω–∏—é —Å–∫–±-–∫–æ–Ω—Ç—É—Ä –Ω–∞ —Å—Ç–∞–∂–∏—Ä–æ–≤–∫—É –º–æ–∂–Ω–æ –ø–æ–ø–∞—Å—Ç—å –ø–æ —Ç–µ—Å—Ç–æ–≤–æ–º—É –∑–∞–¥–∞–Ω–∏—é: 
- backend c#;
- backend java; 
- backend —Å++; 
- frontend; 
- ux-–∏—Å—Å–ª–µ–¥–æ–≤–∞—Ç–µ–ª—å; 
- data science; 
- –º–æ–±–∏–ª—å–Ω–∞—è —Ä–∞–∑—Ä–∞–±–æ—Ç–∫–∞.
–∞ —Ç–∞–∫–∂–µ –ø—Ä–æ–π—Ç–∏ –æ—Ç–±–æ—Ä –ø–æ —Ä–µ–∑—É–ª—å—Ç–∞—Ç–∞–º –∫—É—Ä—Å–æ–≤ –≤ –¥–µ–ø–∞—Ä—Ç–∞–º–µ–Ω—Ç –∞–Ω–∞–ª–∏—Ç–∏–∫–∏ –∏ —Ç–µ—Å—Ç–∏—Ä–æ–≤–∞–Ω–∏—è. 
–ø–æ —Å—Å—ã–ª–∫–µ https://vk.cc/8rxbiu –≤—ã —Å–º–æ–∂–µ—Ç–µ –∑–∞–ø–∏—Å–∞—Ç—å—Å—è –Ω–∞ –∫—É—Ä—Å—ã –∏ –ø–æ–¥–∞—Ç—å –∑–∞—è–≤–∫—É –Ω–∞ 2-—Ö –º–µ—Å—è—á–Ω—É—é —Å—Ç–∞–∂–∏—Ä–æ–≤–∫—É! 
—Ç–∞–∫–∂–µ, –µ—Å–ª–∏ –≤—ã –µ—â—ë –≤ –ø–æ–∏—Å–∫–µ –º–µ—Å—Ç–∞ –ø—Ä–æ—Ö–æ–∂–¥–µ–Ω–∏—è –ø—Ä–æ–∏–∑–≤–æ–¥—Å—Ç–≤–µ–Ω–Ω–æ–π –∏–ª–∏ –ø—Ä–µ–¥–¥–∏–ø–ª–æ–º–Ω–æ–π –ø—Ä–∞–∫—Ç–∏–∫–∏, —Ç–æ —Å–º–µ–ª–æ –ø–æ–¥–∞–≤–∞–π—Ç–µ –∑–∞—è–≤–∫—É https://vk.cc/9dksjw.

–∞ –ª–µ—Ç–æ –≤—ã –º–æ–∂–µ—Ç–µ –ø—Ä–æ–≤–µ—Å—Ç–∏ —Ç–∞–∫ –∂–µ —Å –æ–≥—Ä–æ–º–Ω–æ–π –ø–æ–ª—å–∑–æ–π. —É—Å–ø–µ–π—Ç–µ –¥–æ 31 –º–∞—è –ø–æ–¥–∞—Ç—å –∑–∞—è–≤–∫—É –Ω–∞ summer internship –≤ —è–Ω–¥–µ–∫—Å https://vk.cc/4no6t6.
—É—á–∞—Å—Ç–≤—É—é—Ç —Å–ø–µ—Ü–∏–∞–ª–∏—Å—Ç—ã c++, python, java, javascript, android, c#, ios, swift, perl, php –∏ –≤—Å–µ –¥–∂—É–Ω–∏–æ—Ä—ã –≤ —É–∫–∞–∑–∞–Ω–Ω—ã—Ö —è–∑—ã–∫–∞—Ö.
–æ—Ç–±–æ—Ä —Å–æ—Å—Ç–æ–∏—Ç –∏–∑ 5 —ç—Ç–∞–ø–æ–≤, —Å—Ç–∞–∂–∏—Ä–æ–≤–∫–∞ –¥–ª–∏—Ç—Å—è 3 –º–µ—Å—è—Ü–∞, —Ä–∞–±–æ—Ç–∞ —Å—Ç–∞–∂–µ—Ä–∞ –æ–ø–ª–∞—á–∏–≤–∞–µ—Ç—Å—è.

–Ω–µ —É–ø—É—Å–∫–∞–µ–º —à–∞–Ω—Å! –∞ —Ç–∞–∫–∂–µ –Ω–µ –∑–∞–±—ã–≤–∞–µ–º –ø—Ä–æ –º–µ—Ä–æ–ø—Ä–∏—è—Ç–∏—è –Ω–∞—à–µ–≥–æ –ø—Ä–æ–µ–∫—Ç–∞ career weeks ‚Äî-> https://vk.cc/9dzmm9","['java', 'c', 'python', 'javascript', 'frontend', 'backend', 'data science', '–∞–Ω–∞–ª–∏—Ç–∏–∫', '—Ç–µ—Å—Ç–∏—Ä–æ–≤–∞–Ω–∏–µ', '—Ä–∞–∑—Ä–∞–±–æ—Ç–∫–∞']"
"—Ö–æ—á–µ—à—å —Å–æ–≤–µ—Ä—à–∏—Ç—å —á—Ç–æ-—Ç–æ –ø–æ–ª–µ–∑–Ω–æ–µ –¥–ª—è —ç—Ç–æ–≥–æ –º–∏—Ä–∞? —Ç–æ–≥–¥–∞ —Ç–µ–±–µ –≤ –∫–æ–º–ø–∞–Ω–∏—é –∏–Ω–∫–∞—Ä—Ç. —Å—é–¥–∞ –º–æ–∂–µ—Ç –ø–æ–ø–∞—Å—Ç—å –∫–∞–∂–¥—ã–π —Å—Ç—É–¥–µ–Ω—Ç, –Ω–∞—á–∏–Ω–∞—è —Å–æ –≤—Ç–æ—Ä–æ–≥–æ –∫—É—Ä—Å–∞!

—Ä–∞–±–æ—Ç–∞ –ø—Ä–µ–¥–ø–æ–ª–∞–≥–∞–µ—Ç –≤—ã–ø–æ–ª–Ω–µ–Ω–∏–µ –æ–ø—Ä–µ–¥–µ–ª–µ–Ω–Ω–æ–≥–æ –ø—Ä–æ–µ–∫—Ç–∞, –≤ —Ä–∞–º–∫–∞—Ö –∫–æ—Ç–æ—Ä–æ–≥–æ –≤—ã —Å–º–æ–∂–µ—Ç–µ –æ—Å–≤–æ–∏—Ç—å –Ω–µ–æ–±—Ö–æ–¥–∏–º—ã–µ –Ω–∞–≤—ã–∫–∏ –¥–ª—è –∫–∞—Ä—å–µ—Ä–Ω–æ–≥–æ —Ä–æ—Å—Ç–∞.

–Ω–∞ –¥–∞–Ω–Ω—ã–π –º–æ–º–µ–Ω—Ç –≤ –∫–æ–º–ø–∞–Ω–∏–∏ –æ—Ç–∫—Ä—ã—Ç—ã –≤–∞–∫–∞–Ω—Å–∏–∏:

junior developer / –º–ª–∞–¥—à–∏–π –ø—Ä–æ–≥—Ä–∞–º–º–∏—Å—Ç c++ - https://vk.cc/9grc40

—Ä–∞–∑—Ä–∞–±–æ—Ç—á–∏–∫ —Å++ - https://vk.cc/9grcn7

—Ä–∞–∑—Ä–∞–±–æ—Ç—á–∏–∫ .net - https://vk.cc/9grcde

research developer - https://vk.cc/9grdaj

embedded linux developer - https://vk.cc/9grdpb

–µ—â–µ –±–æ–ª—å—à–µ –≤–∞–∫–∞–Ω—Å–∏–π –∏ —Å—Ç–∞–∂–∏—Ä–æ–≤–æ–∫ –ø–æ —Ç–µ–≥–∞–º #–∏—Ç–º–æ–≤–∞–∫–∞–Ω—Å–∏—è –∏ #–∏—Ç–º–æ—Å—Ç–∞–∂–∏—Ä–æ–≤–∫–∞","['c', 'linux', '—Ä–∞–∑—Ä–∞–±–æ—Ç—á–∏–∫']"
"#–∏—Ç–º–æ—Å—Ç–∞–∂–∏—Ä–æ–≤–∫–∞ –≤ —Å—Ñ–µ—Ä–µ –º–æ–±–∏–ª—å–Ω–æ–π —Ä–µ–∫–ª–∞–º—ã –≤ advert school (https://advert.school/). —Å—Ç–∞–∂–∏—Ä–æ–≤–∫–∞ –Ω–µ–æ–ø–ª–∞—á–∏–≤–∞–µ–º–∞—è. 
 
—Å—Ç–∞—Ä—Ç –ø—Ä–æ–≥—Ä–∞–º–º—ã 22.04.2019.
 
—Ç–µ–±—è –∂–¥–µ—Ç –¥–≤–µ –Ω–µ–¥–µ–ª–∏ –ø–æ–ª–Ω–æ–≥–æ –ø–æ–≥—Ä—É–∂–µ–Ω–∏—è –≤ –ø—Ä–æ—Ñ–µ—Å—Å–∏—é:

- –Ω–∞—Å—Ç—Ä–æ–π–∫–∞ –º–æ–±–∏–ª—å–Ω–æ–π —Ä–µ–∫–ª–∞–º—ã –≤ facebook;
- –ø–æ–¥–¥–µ—Ä–∂–∫–∞ –Ω–∞—Å—Ç–∞–≤–Ω–∏–∫–∞ –Ω–∞ –≤—Å–µ—Ö —ç—Ç–∞–ø–∞—Ö;
- —Ä–∞–±–æ—Ç–∞ —Å —Ä–µ–∞–ª—å–Ω—ã–º–∏ –±—é–¥–∂–µ—Ç–∞–º–∏ –≤ —Ä–∞–º–∫–∞—Ö –∫—Ä—É–ø–Ω—ã—Ö —Ä–µ–∫–ª–∞–º–Ω—ã—Ö –∫–∞–º–ø–∞–Ω–∏–π;
- –≤–æ–∑–º–æ–∂–Ω–æ—Å—Ç—å —É—Å—Ç—Ä–æ–∏—Ç—å—Å—è –Ω–∞ –∫—Ä—É—Ç—É—é –¥–æ–ª–∂–Ω–æ—Å—Ç—å –±–µ–∑ –æ–ø—ã—Ç–∞ —Ä–∞–±–æ—Ç—ã. 
 
–ø—Ä–µ–¥–≤–∞—Ä–∏—Ç–µ–ª—å–Ω—ã–µ —Ç—Ä–µ–±–æ–≤–∞–Ω–∏—è: –∞–Ω–∞–ª–∏—Ç–∏—á–µ—Å–∫–∏–µ —Å–ø–æ—Å–æ–±–Ω–æ—Å—Ç–∏, –∑–Ω–∞–Ω–∏–µ ex—Åel, adobe photoshop –∏–ª–∏ –¥—Ä—É–≥–∏—Ö –≥—Ä–∞—Ñ–∏—á–µ—Å–∫–∏—Ö —Ä–µ–¥–∞–∫—Ç–æ—Ä–æ–≤. 
 
–ø–æ—Å–ª–µ —Å—Ç–∞–∂–∏—Ä–æ–≤–∫–∏ –≤–æ–∑–º–æ–∂–Ω–æ—Å—Ç—å —Ç—Ä—É–¥–æ—É—Å—Ç—Ä–æ–π—Å—Ç–≤–∞ —Å —É—Å–ª–æ–≤–∏—è–º–∏: –æ—Ñ–∏—Ü–∏–∞–ª—å–Ω–æ–µ –æ—Ñ–æ—Ä–º–ª–µ–Ω–∏–µ –≤ —à—Ç–∞—Ç –∞–≥–µ–Ω—Ç—Å—Ç–≤–∞, –¥–æ—Å—Ç–æ–π–Ω—ã–π —É—Ä–æ–≤–µ–Ω—å –¥–æ—Ö–æ–¥–∞ (–æ–∫–ª–∞–¥ + –±–æ–Ω—É—Å—ã), –≤–æ–∑–º–æ–∂–Ω–æ—Å—Ç—å –∫–∞—Ä—å–µ—Ä–Ω–æ–≥–æ –∏ –ª–∏—á–Ω–æ—Å—Ç–Ω–æ–≥–æ —Ä–æ—Å—Ç–∞ –≤ –∫–æ–º–∞–Ω–¥–µ high-level –ø—Ä–æ—Ñ–µ—Å—Å–∏–æ–Ω–∞–ª–æ–≤. 
 
‚úâ—á—Ç–æ–±—ã –∑–∞–ø–∏—Å–∞—Ç—å—Å—è, –æ—Ç–ø—Ä–∞–≤–ª—è–π—Ç–µ cv –Ω–∞ kira@adhack.io",['c']
"üí•[club97561908|—Ñ–æ–Ω–¥ ¬´–±—É–¥—É—â–∏–µ –ª–∏–¥–µ—Ä—ã¬ª] –æ—Ç–∫—Ä—ã–≤–∞–µ—Ç –Ω–æ–≤—ã–π –Ω–∞–±–æ—Ä –≤ –æ–±—Ä–∞–∑–æ–≤–∞—Ç–µ–ª—å–Ω—É—é –ø—Ä–æ–≥—Ä–∞–º–º—É! 

–µ—Å–ª–∏ —Ç—ã —Å—Ç—É–¥–µ–Ω—Ç 1-3 –∫—É—Ä—Å–∞ –±–∞–∫–∞–ª–∞–≤—Ä–∏–∞—Ç–∞ –∏–ª–∏ —Å–ø–µ—Ü–∏–∞–ª–∏—Ç–µ—Ç–∞, —É —Ç–µ–±—è –µ—Å—Ç—å —Å–æ–±—Å—Ç–≤–µ–Ω–Ω—ã–π –ø—Ä–æ–µ–∫—Ç –∏ —Ç—ã —Ö–æ—á–µ—à—å –ø—Ä–æ–∫–∞—á–∞—Ç—å –ª–∏–¥–µ—Ä—Å–∫–∏–µ –∫–∞—á–µ—Å—Ç–≤–∞ ‚Äì –∂–º–∏ –Ω–∞ —Å—Å—ã–ª–∫—É –∏ –æ—Å—Ç–∞–≤–ª—è–π –∑–∞—è–≤–∫—É üëâüèª https://vk.com/fbl.russia?w=app5708398_-97561908

–ø—Ä–∏—Å–æ–µ–¥–∏–Ω—è–π—Å—è –∫ —Å–æ–æ–±—â–µ—Å—Ç–≤—É —Ç–∞–ª–∞–Ω—Ç–ª–∏–≤–æ–π –∏ –∞–∫—Ç–∏–≤–Ω–æ–π –º–æ–ª–æ–¥–µ–∂–∏ –ø–µ—Ç–µ—Ä–±—É—Ä–≥–∞! 

—Ç–µ–±—è –∂–¥–µ—Ç: 
‚≠ê–∑–Ω–∞–∫–æ–º—Å—Ç–≤–æ –∏ –æ–±—â–µ–Ω–∏–µ —Å –æ–ø—ã—Ç–Ω—ã–º–∏ –Ω–∞—Å—Ç–∞–≤–Ω–∏–∫–∞–º–∏; 

‚≠ê–ø–æ–¥–¥–µ—Ä–∂–∫–∞ –≤ —Ä–µ–∞–ª–∏–∑–∞—Ü–∏–∏ —Å–æ–±—Å—Ç–≤–µ–Ω–Ω—ã—Ö –ø—Ä–æ–µ–∫—Ç–æ–≤ –∏ –∏–Ω–∏—Ü–∏–∞—Ç–∏–≤; 

‚≠ê—Ç—Ä–µ–Ω–∏–Ω–≥–∏, –º–∞—Å—Ç–µ—Ä-–∫–ª–∞—Å—Å—ã –∏ –ª–µ–∫—Ü–∏–∏ –æ—Ç –≤–µ–¥—É—â–∏—Ö —ç–∫—Å–ø–µ—Ä—Ç–æ–≤ —Ä–∞–∑–ª–∏—á–Ω—ã—Ö —Å—Ñ–µ—Ä; 

‚≠ê—Å—Ç–∞–∂–∏—Ä–æ–≤–∫–∏ –≤ –∫—Ä—É–ø–Ω—ã—Ö —Ä–æ—Å—Å–∏–π—Å–∫–∏—Ö –∏ –∑–∞—Ä—É–±–µ–∂–Ω—ã—Ö –∫–æ–º–ø–∞–Ω–∏—è—Ö; 

‚≠ê—ç—Ñ—Ñ–µ–∫—Ç–∏–≤–Ω—ã–π –Ω–µ—Ç–≤–æ—Ä–∫–∏–Ω–≥; 

—É—á–∞—Å—Ç–∏–µ –≤ –ø—Ä–æ–≥—Ä–∞–º–º–µ —Ñ–æ–Ω–¥–∞ –±–µ—Å–ø–ª–∞—Ç–Ω–æ–µ! 

–ø–æ–¥–∞—Ç—å –∑–∞—è–≤–∫—É –∏ –ø—Ä–æ—á–∏—Ç–∞—Ç—å –ø–æ–¥—Ä–æ–±–Ω–æ—Å—Ç–∏ –º–æ–∂–Ω–æ –Ω–∞ —Å–∞–π—Ç–µ: http://russianleaders.org/profile/konkursnie-otbori

#–∏—Ç–∞–ª—å—è–Ω—Å–∫–∞—è16 #—Ñ–æ–Ω–¥–±—É–¥—É—â–∏–µ–ª–∏–¥–µ—Ä—ã #–æ—Ç–±–æ—Ä—Ñ–±–ª",['c']
"baker hughes ‚Äì –≤–µ–¥—É—â–∞—è –Ω–µ—Ñ—Ç–µ—Å–µ—Ä–≤–∏—Å–Ω–∞—è –∫–æ–º–ø–∞–Ω–∏—è —Å –≤–µ–∫–æ–≤–æ–π —Ä–µ–ø—É—Ç–∞—Ü–∏–µ–π –∑–∞–ø—É—Å–∫–∞–µ—Ç –ø—Ä–æ–≥—Ä–∞–º–º—É lead. –Ω–µ —Å—Ç–∞–∂–∏—Ä–æ–≤–∫–∞, —à—Ç–∞—Ç–Ω–∞—è –ø–æ–∑–∏—Ü–∏—è. –∏ –∑–Ω–∞—á–∏—Ç, —á—Ç–æ –≤—ã –±—É–¥–µ—Ç–µ –ø–æ–ª–Ω–æ—Ü–µ–Ω–Ω—ã–º —Å–æ—Ç—Ä—É–¥–Ω–∏–∫–æ–º baker hughes, –∏–º–µ—è —Å–æ–æ—Ç–≤–µ—Ç—Å—Ç–≤—É—é—â—É—é –∑–∞—Ä–∞–±–æ—Ç–Ω—É—é –ø–ª–∞—Ç—É –∏ –≤–æ–∑–º–æ–∂–Ω–æ—Å—Ç—å –∏—Å–ø–æ–ª—å–∑–æ–≤–∞—Ç—å –≤—Å–µ —Ä–µ—Å—É—Ä—Å—ã –∫–æ–º–ø–∞–Ω–∏–∏ –¥–ª—è —Å–æ–±—Å—Ç–≤–µ–Ω–Ω–æ–≥–æ —Ä–∞–∑–≤–∏—Ç–∏—è –≤ –Ω–µ—Ñ—Ç–µ–≥–∞–∑–æ–≤–æ–π –æ—Ç—Ä–∞—Å–ª–∏. 
 
–ø—Ä–∏ —É—Å–ø–µ—à–Ω–æ–º –∑–∞–≤–µ—Ä—à–µ–Ω–∏–∏ –ø—Ä–æ–≥—Ä–∞–º–º—ã —Å–æ—Ç—Ä—É–¥–Ω–∏–∫–∏ –ø–æ–ª—É—á–∞—é—Ç –≤–æ–∑–º–æ–∂–Ω–æ—Å—Ç—å –ø—Ä–µ—Ç–µ–Ω–¥–æ–≤–∞—Ç—å –Ω–∞ —Ä—É–∫–æ–≤–æ–¥—è—â—É—é –¥–æ–ª–∂–Ω–æ—Å—Ç—å –≤ –æ–¥–Ω–æ–º –∏–∑ –º–Ω–æ–≥–æ—á–∏—Å–ª–µ–Ω–Ω—ã—Ö –ø–æ–¥—Ä–∞–∑–¥–µ–ª–µ–Ω–∏–π –∫–æ–º–ø–∞–Ω–∏–∏.

–ø–æ—Ç–µ–Ω—Ü–∏–∞–ª—å–Ω—ã–π —É—Å–ø–µ—à–Ω—ã–π –∫–∞–Ω–¥–∏–¥–∞—Ç:

- –≤—ã–ø—É—Å–∫–Ω–∏–∫ —Ç–µ—Ö–Ω–∏—á–µ—Å–∫–æ–≥–æ –≤—É–∑–∞; 
- –æ–∫–æ–Ω—á–∏–ª –≤—É–∑ –≤ –ø–µ—Ä–∏–æ–¥ —Å 2018 –ø–æ 2019 –≥–æ–¥; 
- –≤–ª–∞–¥–µ–µ—Ç –∞–Ω–≥–ª–∏–π—Å–∫–∏–º —è–∑—ã–∫–æ–º –Ω–∞ —É—Ä–æ–≤–Ω–µ upper-intermediate; 
- –º–æ–±–∏–ª—å–Ω—ã–π –∏ –≥–æ—Ç–æ–≤—ã–π –∫ —á–∞—Å—Ç—ã–º –∫–æ–º–∞–Ω–¥–∏—Ä–æ–≤–∫–∞–º; 
- –∞–º–±–∏—Ü–∏–æ–∑–Ω—ã–π –∏ –≥–æ—Ç–æ–≤—ã–π –æ–±—É—á–∞—Ç—å—Å—è –¥–ª—è –≥–æ–ª–æ–≤–æ–∫—Ä—É–∂–∏—Ç–µ–ª—å–Ω–æ–≥–æ —Ä–æ—Å—Ç–∞ –≤ –∫–æ–º–ø–∞–Ω–∏–∏.

–æ—Å—Ç–∞–≤–∏—Ç—å –∑–∞—è–≤–∫—É –∏ –æ–∑–Ω–∞–∫–æ–º–∏—Ç—å—Å—è —Å —ç—Ç–∞–ø–∞–º–∏ –æ—Ç–±–æ—Ä–∞ –º–æ–∂–Ω–æ –ø–æ —Å—Å—ã–ª–∫–µ https://fut.ru/4s.

#–∏—Ç–º–æ–≤–∞–∫–∞–Ω—Å–∏—è #–∏—Ç–º–æ—Å—Ç–∞–∂–∏—Ä–æ–≤–∫–∞",['–∞–Ω–≥–ª–∏–π—Å–∫–∏–π']
"#–∏—Ç–º–æ—Å—Ç–∞–∂–∏—Ä–æ–≤–∫–∞ –≤ ts solution.

—Ç—Ä–µ–±–æ–≤–∞–Ω–∏—è: 
- —Å—Ç—É–¥–µ–Ω—Ç—ã –ø–æ—Å–ª–µ–¥–Ω–∏—Ö –∫—É—Ä—Å–æ–≤ —É–Ω–∏–≤–µ—Ä—Å–∏—Ç–µ—Ç–∞ (3-4 –±–∞–∫–∞–ª–∞–≤—Ä–∏–∞—Ç–∞, 2-–π –º–∞–≥–∏—Å—Ç—Ä–∞—Ç—É—Ä—ã), –∞ —Ç–∞–∫–∂–µ –Ω–µ–¥–∞–≤–Ω–∏–µ –≤—ã–ø—É—Å–∫–Ω–∏–∫–∏ 
- –ø–æ–Ω–∏–º–∞–Ω–∏–µ –ø—Ä–∏–Ω—Ü–∏–ø–æ–≤ –ø–æ—Å—Ç—Ä–æ–µ–Ω–∏—è –∏ —Ä–∞–±–æ—Ç—ã –∫–æ–º–ø—å—é—Ç–µ—Ä–Ω—ã—Ö —Å–µ—Ç–µ–π –∏ –µ—ë –æ—Ç–¥–µ–ª—å–Ω—ã—Ö —á–∞—Å—Ç–µ–π. –æ–ø—ã—Ç –≤ —Å–∏—Å—Ç–µ–º–Ω–æ–º –∏–ª–∏ —Å–µ—Ç–µ–≤–æ–º –∞–¥–º–∏–Ω–∏—Å—Ç—Ä–∏—Ä–æ–≤–∞–Ω–∏–∏ –±—É–¥–µ—Ç —è–≤–ª—è—Ç—å—Å—è –ø—Ä–µ–∏–º—É—â–µ—Å—Ç–≤–æ–º. 
- –∑–Ω–∞–Ω–∏–µ –∞–Ω–≥–ª–∏–π—Å–∫–æ–≥–æ —è–∑—ã–∫–∞: —á—Ç–µ–Ω–∏–µ –ø—Ä–æ—Ñ–µ—Å—Å–∏–æ–Ω–∞–ª—å–Ω–æ–π –ª–∏—Ç–µ—Ä–∞—Ç—É—Ä—ã 
- –≥–æ—Ç–æ–≤–Ω–æ—Å—Ç—å –∫ —Ç—Ä—É–¥–æ—É—Å—Ç—Ä–æ–π—Å—Ç–≤—É –Ω–∞ –ø–æ–ª–Ω—É—é –∑–∞–Ω—è—Ç–æ—Å—Ç—å 
 
—É—Å–ª–æ–≤–∏—è: 
- –ø—Ä–æ–¥–æ–ª–∂–∏—Ç–µ–ª—å–Ω–æ—Å—Ç—å - 1 –º–µ—Å—è—Ü 
- —Ä–∞–±–æ—Ç–∞ –≤ —É—é—Ç–Ω–æ–º –æ—Ñ–∏—Å–µ, 2-3 –¥–Ω—è –≤ –Ω–µ–¥–µ–ª—é 
- –æ–±—É—á–µ–Ω–∏–µ —Ä–∞–±–æ—Ç–µ —Å —Ä–µ—à–µ–Ω–∏—è–º–∏ –æ—Ç check point, cisco, fortinet –∏ –ø—Ä. 
- —Ä–∞–±–æ—Ç–∞ –ø–æ–¥ –Ω–∞—Å—Ç–∞–≤–Ω–∏—á–µ—Å—Ç–≤–æ–º –∏–Ω–∂–µ–Ω–µ—Ä–æ–≤ —Å –º–µ–∂–¥—É–Ω–∞—Ä–æ–¥–Ω—ã–º–∏ —Å–µ—Ä—Ç–∏—Ñ–∏–∫–∞—Ç–∞–º–∏ –≤ –æ–±–ª–∞—Å—Ç–∏ –∏–± 
- —Ä–µ—à–µ–Ω–∏–µ –ª–∞–±–æ—Ä–∞—Ç–æ—Ä–Ω—ã—Ö —Ä–∞–±–æ—Ç –∏ –∫–µ–π—Å–æ–≤, –æ–±—â–µ–Ω–∏–µ —Å —Ä–µ–∞–ª—å–Ω—ã–º–∏ –∑–∞–∫–∞–∑—á–∏–∫–∞–º–∏ 
- –ø–æ–ª—É—á–µ–Ω–∏–µ –≤–æ—Å—Ç—Ä–µ–±–æ–≤–∞–Ω–Ω—ã—Ö –Ω–∞–≤—ã–∫–æ–≤ –≤ —Å—Ñ–µ—Ä–µ –∏—Ç/–∏–± 
- —Å–µ—Ä—Ç–∏—Ñ–∏–∫–∞—Ç –æ–± —É—Å–ø–µ—à–Ω–æ–º –ø—Ä–æ—Ö–æ–∂–¥–µ–Ω–∏–∏ —Å—Ç–∞–∂–∏—Ä–æ–≤–∫–∏ 
- –ø—Ä–∏ –Ω–µ–æ–±—Ö–æ–¥–∏–º–æ—Å—Ç–∏, –≤–æ–∑–º–æ–∂–Ω–æ –ø–æ–¥–≥–æ—Ç–æ–≤–∏—Ç—å –¥–æ–∫—É–º–µ–Ω—Ç—ã –æ –ø—Ä–æ—Ö–æ–∂–¥–µ–Ω–∏–∏ –ø—Ä–æ–∏–∑–≤–æ–¥—Å—Ç–≤–µ–Ω–Ω–æ–π –ø—Ä–∞–∫—Ç–∏–∫–∏ 
 
–ø—Ä–∏ —É—Å–ø–µ—à–Ω–æ–º –ø—Ä–æ—Ö–æ–∂–¥–µ–Ω–∏–∏ —Å—Ç–∞–∂–∏—Ä–æ–≤–∫–∏ –≤–∞—Å –∂–¥–µ—Ç —Ç—Ä—É–¥–æ—É—Å—Ç—Ä–æ–π—Å—Ç–≤–æ —Å –≥—Ä–∞—Ñ–∏–∫–æ–º —Ä–∞–±–æ—Ç—ã 5/2, 10:00-18:00 (–ø—Ç - 10:00-17:00).
–ø–ª—é—Å –∫–æ –≤—Å–µ–º—É, –≤—ã —Å–º–æ–∂–µ—Ç–µ –ø–µ—Ä–µ–∑–∞—á–µ—Å—Ç—å —Å—Ç–∞–∂–∏—Ä–æ–≤–∫—É –≤ –∫–∞—á–µ—Å—Ç–≤–µ –ø—Ä–∞–∫—Ç–∏–∫–∏.

üì£–ø–æ–¥—Ä–æ–±–Ω–æ—Å—Ç–∏/—Ä–µ–≥–∏—Å—Ç—Ä–∞—Ü–∏—è –Ω–∞ —Å—Ç–∞–∂–∏—Ä–æ–≤–∫—É https://vk.cc/9yu3jn","['c', '–∞–Ω–≥–ª–∏–π—Å–∫–∏–π', '–∏–Ω–∂–µ–Ω–µ—Ä']"
"#–∏—Ç–º–æ—Å—Ç–∞–∂–∏—Ä–æ–≤–∫–∞

–ø—Ä–æ–π–¥–∏ —Å—Ç–∞–∂–∏—Ä–æ–≤–∫—É –≤ –∫–æ–º–ø–∞–Ω–∏–∏ —é–ª–º–∞—Ä—Ç –ø–æ –Ω–∞–ø—Ä–∞–≤–ª–µ–Ω–∏—è–º: 
 
- –º–∞—Ä–∫–µ—Ç–∏–Ω–≥ 
- –∑–∞–∫—É–ø–∫–∞ 
- –∏–Ω—Ñ–æ—Ä–º–∞—Ü–∏–æ–Ω–Ω—ã–µ —Ç–µ—Ö–Ω–æ–ª–æ–≥–∏–∏ 

–∏ –ø–æ–ª—É—á–∏ –≤–æ–∑–º–æ–∂–Ω–æ—Å—Ç—å —Ç—Ä—É–¥–æ—É—Å—Ç—Ä–æ–π—Å—Ç–≤–∞ –≤ –æ–¥–∏–Ω –∏–∑ –∫—Ä—É–ø–Ω–µ–π—à–∏—Ö –æ–Ω–ª–∞–π–Ω-—Ä–µ—Ç–µ–π–ª–µ—Ä–æ–≤ —Å—Ç—Ä–∞–Ω—ã. 

–ø—Ä–æ–¥–æ–ª–∂–∏—Ç–µ–ª—å–Ω–æ—Å—Ç—å —Å—Ç–∞–∂–∏—Ä–æ–≤–∫–∏ –æ—Ç 1,5 –º–µ—Å—è—Ü–∞. 
–ø—Ä–æ–≥—Ä–∞–º–º–∞ –ø–æ–∑–≤–æ–ª–∏—Ç –ø–æ–ª—É—á–∏—Ç—å –ø—Ä–∞–∫—Ç–∏—á–µ—Å–∫–∏–µ –∑–Ω–∞–Ω–∏—è –∏ –ø–æ–∑–∏—Ç–∏–≤–Ω—ã–π –æ–ø—ã—Ç –¥–æ—Å—Ç–∏–∂–µ–Ω–∏—è –∞–º–±–∏—Ü–∏–æ–∑–Ω—ã—Ö –±–∏–∑–Ω–µ—Å-—Ü–µ–ª–µ–π, –æ–±—É—á–∏—Ç—å—Å—è –ø—Ä–æ—Ñ–µ—Å—Å–∏–∏, —Ä–∞–∑–≤–∏—Ç—å soft –∏ hard skills. 

—Ç—Ä–µ–±–æ–≤–∞–Ω–∏—è –∫ –ø–æ—Ç–µ–Ω—Ü–∏–∞–ª—å–Ω—ã–º —Å—Ç–∞–∂–µ—Ä–æ–∞–º:

- –≤—ã—Å—à–µ–µ/–Ω–µ–æ–∫–æ–Ω—á–µ–Ω–Ω–æ–µ –≤—ã—Å—à–µ–µ –æ–±—Ä–∞–∑–æ–≤–∞–Ω–∏–µ 
- –≤—ã—Å–æ–∫–∞—è —Å—Ç–µ–ø–µ–Ω—å —Å–∞–º–æ–¥–∏—Å—Ü–∏–ø–ª–∏–Ω—ã –∏ –æ—Ç–≤–µ—Ç—Å—Ç–≤–µ–Ω–Ω–æ—Å—Ç–∏ 
- –≤—ã—Å–æ–∫–∏–µ –∞–Ω–∞–ª–∏—Ç–∏—á–µ—Å–∫–∏–µ —Å–ø–æ—Å–æ–±–Ω–æ—Å—Ç–∏ 
- –≤–Ω–∏–º–∞–Ω–∏–µ –∫ –¥–µ—Ç–∞–ª—è–º 
- –Ω–∞—Ü–µ–ª–µ–Ω–Ω–æ—Å—Ç—å –Ω–∞ —Ä–µ–∑—É–ª—å—Ç–∞—Ç 
 
—Ä–µ–∑—é–º–µ –Ω–∞ —Å—Ç–∞–∂–∏—Ä–æ–≤–∫—É –Ω–µ–æ–±—Ö–æ–¥–∏–º–æ –ø—Ä–∏—Å—ã–ª–∞—Ç—å –Ω–∞ –ø–æ—á—Ç—É student@ulmart.ru. 
 
—Ç–µ–ª–µ—Ñ–æ–Ω –¥–ª—è —Å–≤—è–∑–∏: +7 (812) 336-37-77. —é are welcome!",['c']
"–ø–æ–∑–∏—Ü–∏–∏ —Å—Ç–∞–∂–µ—Ä–∞ –≤ –∫–æ–º–ø–∞–Ω–∏—é kraft & heinz, –∫–æ—Ç–æ—Ä—ã–µ –º–æ–∂–Ω–æ –ø–µ—Ä–µ–∑–∞—á–µ—Å—Ç—å –≤ –∫–∞—á–µ—Å—Ç–≤–µ –ø—Ä–∞–∫—Ç–∏–∫–∏ ‚ùó‚ùó‚ùó

–Ω–∞ –ø–æ–∑–∏—Ü–∏–∏ —Ä–∞—Å—Å–º–∞—Ç—Ä–∏–≤–∞—é—Ç—Å—è —Å—Ç—É–¥–µ–Ω—Ç—ã –ø–æ—Å–ª–µ–¥–Ω–∏—Ö –∫—É—Ä—Å–æ–≤, –±–µ–∑ –æ–ø—ã—Ç–∞ —Ä–∞–±–æ—Ç—ã –∏–ª–∏ –≤—ã–ø—É—Å–∫–Ω–∏–∫–∏, –∏–º–µ—é—â–∏–µ –ø—Ä–æ—Ñ–∏–ª—å–Ω–æ–µ –æ–±—Ä–∞–∑–æ–≤–∞–Ω–∏–µ.
–∑–Ω–∞–Ω–∏–µ –∞–Ω–≥–ª–∏–π—Å–∫–æ–≥–æ —è–∑—ã–∫–∞ –Ω–µ –Ω–∏–∂–µ intermediate!

üìç—Å—Ç–∞–∂–µ—Ä –≤ –æ—Ç–¥–µ–ª –∑–∞–∫—É–ø–æ–∫ ‚Äî https://vk.cc/9gg9to.
üìç—Å—Ç–∞–∂–µ—Ä –≤ –æ—Ç–¥–µ–ª –ø—Ä–æ–∏–∑–≤–æ–¥—Å—Ç–≤–µ–Ω–Ω—ã—Ö —Ñ–∏–Ω–∞–Ω—Å–æ–≤ ‚Äî https://vk.cc/9ggalc.
üìç–ª–∞–±–æ—Ä–∞–Ω—Ç –º–∏–∫—Ä–æ–±–∏–æ–ª–æ–≥–∏—á–µ—Å–∫–æ–≥–æ –∞–Ω–∞–ª–∏–∑–∞ ‚Äî https://vk.cc/9ggb2o.

–¥–ª—è –ø–æ–¥–∞—á–∏ –∑–∞—è–≤–∫–∏ –Ω–∞ –ø–æ–∑–∏—Ü–∏—é, –ø–µ—Ä–µ–π–¥–∏—Ç–µ –ø–æ —Å—Å—ã–ª–∫–µ, –æ—Ç–ø—Ä–∞–≤—å—Ç–µ —Ä–µ–∑—é–º–µ hr, —É–∫–∞–∑–∞–Ω–Ω–æ–º—É –≤ –∫–æ–Ω—Ç–∞–∫—Ç–∞—Ö –∫–æ–º–ø–∞–Ω–∏–∏.
–¥–ª—è –ø–µ—Ä–µ–∑–∞—á–µ—Ç–∞ –ø—Ä–∞–∫—Ç–∏–∫–∏ —Ä–µ–∑—É–ª—å—Ç–∞—Ç–∞–º–∏ —Å—Ç–∞–∂–∏—Ä–æ–≤–∫–∏, –æ–±—Ä–∞—Ç–∏—Ç–µ—Å—å –∑–∞ –∫–æ–Ω—Å—É–ª—å—Ç–∞—Ü–∏–µ–π –≤ [club78459300|—Ü–µ–Ω—Ç—Ä –∫–∞—Ä—å–µ—Ä—ã] 

#–∏—Ç–º–æ—Å—Ç–∞–∂–∏—Ä–æ–≤–∫–∞ #–∏—Ç–º–æ–≤–∞–∫–∞–Ω—Å–∏—è","['c', '–∞–Ω–≥–ª–∏–π—Å–∫–∏–π']"
"–≤—Å–µ —Å—Ç–∞—Ä—Ç–æ–≤—ã–µ –ø–æ–∑–∏—Ü–∏–∏ –∏—é–ª—è 2019 –≤ –æ–¥–Ω–æ–º –ø–æ—Å—Ç–µü§òüèª –Ω–∞—á–Ω–∏ –∫–∞—Ä—å–µ—Ä—É —Å –æ–ø–ª–∞—á–∏–≤–∞–µ–º–æ–π —Å—Ç–∞–∂–∏—Ä–æ–≤–∫–∏ —É–∂–µ —Å–µ–≥–æ–¥–Ω—è!

‚Ä¢ —ç–Ω–∏–∫–µ–π—â–∏–∫ / –ø–æ–º–æ—â–Ω–∏–∫ —Å–∏—Å—Ç–µ–º–Ω–æ–≥–æ –∞–¥–º–∏–Ω–∏—Å—Ç—Ä–∞—Ç–æ—Ä–∞ ‚Äî https://vk.cc/9ygfws

‚Ä¢ —Å—Ç–∞–∂–µ—Ä –≤ –æ—Ç–¥–µ–ª —Ç–µ—Å—Ç–∏—Ä–æ–≤–∞–Ω–∏—è (linux) ‚Äî https://vk.cc/9cjtyf

‚Ä¢ —Å—Ç–∞–∂–µ—Ä –æ—Ç–¥–µ–ª–∞ –º–∞—Ä–∫–µ—Ç–∏–Ω–≥–∞ –∏ –ø—Ä–æ–¥–∞–∂ ‚Äî https://vk.cc/9cjujk

‚Ä¢ —Å—Ç–∞–∂—ë—Ä –æ—Ç–¥–µ–ª–∞ –ª–æ–≥–∏—Å—Ç–∏–∫–∏ ‚Äî https://vk.cc/9cjvcn

‚Ä¢ –ø—Ä–æ–≥—Ä–∞–º–º–∏—Å—Ç java (junior java) ‚Äî https://vk.cc/9cjvw7

‚Ä¢ –ø–æ–º–æ—â–Ω–∏–∫ —Å–∏—Å—Ç–µ–º–Ω–æ–≥–æ –∞–¥–º–∏–Ω–∏—Å—Ç—Ä–∞—Ç–æ—Ä–∞ ‚Äî https://vk.cc/9cjvtx

‚Ä¢ data scientist intern ‚Äî https://vk.cc/9cjw9f

‚Ä¢ –º–ª–∞–¥—à–∏–π –æ–ø–µ—Ä–∞—Ç–æ—Ä-—Ç–µ—Ö–Ω–æ–ª–æ–≥ ‚Äî https://vk.cc/9cjwoi

‚Ä¢ junior ios-developer ‚Äî https://vk.cc/9cjwmq

‚Ä¢ product owner (—Å—Ç–∞–∂–∏—Ä–æ–≤–∫–∞ —Å —Ç—Ä—É–¥–æ—É—Å—Ç—Ä–æ–π—Å—Ç–≤–æ–º) ‚Äî https://vk.cc/9cjx13

‚Ä¢ —Å—Ç–∞–∂—ë—Ä –æ—Ç–¥–µ–ª–∞ –º–∞—Ä–∫–µ—Ç–∏–Ω–≥–∞ ‚Äî https://vk.cc/9cjxkv

‚Ä¢ python-—Ä–∞–∑—Ä–∞–±–æ—Ç—á–∏–∫ —Å–∏—Å—Ç–µ–º —Ä–∞—Å–ø–æ–∑–Ω–∞–≤–∞–Ω–∏—è –∏–∑–æ–±—Ä–∞–∂–µ–Ω–∏–π (—Å—Ç–∞–∂–∏—Ä–æ–≤–∫–∞) ‚Äî https://vk.cc/9rdyky

–µ—â—ë –±–æ–ª—å—à–µ –≤–∞–∫–∞–Ω—Å–∏–π –∏ —Å—Ç–∞–∂–∏—Ä–æ–≤–æ–∫ –ø–æ —Å—Å—ã–ª–∫–µ ‚Äîhttps://vk.cc/9ea3jw
#–∏—Ç–º–æ–≤–∞–∫–∞–Ω—Å–∏—è #–∏—Ç–º–æ—Å—Ç–∞–∂–∏—Ä–æ–≤–∫–∞","['java', 'c', 'python', 'linux', '—Ç–µ—Å—Ç–∏—Ä–æ–≤–∞–Ω–∏–µ', '—Ä–∞–∑—Ä–∞–±–æ—Ç—á–∏–∫']"
"–¥–∞–π–¥–∂–µ—Å—Ç –≤–∞–∫–∞–Ω—Å–∏–π –º–∞—è 2019 üôåüèª #–∏—Ç–º–æ–≤–∞–∫–∞–Ω—Å–∏—è

—á–∞—Å—Ç—å 1.

–≤—Å–µ –æ—Ç–∫—Ä—ã—Ç—ã–µ –ø–æ–∑–∏—Ü–∏–∏ –∫–æ–º–ø–∞–Ω–∏–∏ bsh –ø–æ —Å—Å—ã–ª–∫–µ - https://vk.cc/9pxiht

junior –ø—Ä–æ–¥—É–∫—Ç–æ–≤—ã–π –∞–Ω–∞–ª–∏—Ç–∏–∫ - https://vk.cc/9pxkg8

–≤–∞–∫–∞–Ω—Å–∏–∏ it-–∫–æ–º–ø–∞–Ω–∏–∏ vigo - https://vk.cc/9pxldt

—Å—Ç–∞–∂–µ—Ä –≤ epam - https://vk.cc/9pxlip

–ø–æ–∑–∏—Ü–∏–∏ –≤ –∫–æ–º–ø–∞–Ω–∏—é ¬´—Å–∞–ø—Ñ–∏—Ä¬ª - https://vk.cc/9pxmsh

–∏–Ω–∂–µ–Ω–µ—Ä-–ø—Ä–æ–≥—Ä–∞–º–º–∏—Å—Ç - https://vk.cc/9pxn0o

—Å–ø–µ—Ü–∏–∞–ª–∏—Å—Ç –ø–æ —Å–∏—Å—Ç–µ–º–∞–º —Ä–∞–¥–∏–æ—Å–≤—è–∑–∏ –∏ —Ç–µ–ª–µ–∫–æ–º–º—É–Ω–∏–∫–∞—Ü–∏–π - https://vk.cc/9rdxm7

—Å—Ç–∞–∂–∏—Ä–æ–≤–∫–∞ —Äython-—Ä–∞–∑—Ä–∞–±–æ—Ç—á–∏–∫–æ–º —Å–∏—Å—Ç–µ–º—ã —Ä–∞—Å–ø–æ–∑–Ω–∞–≤–∞–Ω–∏—è –∏–∑–æ–±—Ä–∞–∂–µ–Ω–∏–π - https://vk.cc/9rdyky","['–∞–Ω–∞–ª–∏—Ç–∏–∫', '—Ä–∞–∑—Ä–∞–±–æ—Ç—á–∏–∫', '–∏–Ω–∂–µ–Ω–µ—Ä']"
"–æ—Ç —Å—Ç–∞–∂–∏—Ä–æ–≤–∫–∏ –¥–æ —Ä–µ–∞–ª—å–Ω–æ–≥–æ —Ç—Ä—É–¥–æ—É—Å—Ç—Ä–æ–π—Å—Ç–≤–∞ –æ—Ç–¥–µ–ª—è—é—Ç –Ω–µ —Ç–æ–ª—å–∫–æ —É–ø–æ—Ä—Å—Ç–≤–æ –∏ –±–µ–∑—É–º–Ω–æ–µ –∂–µ–ª–∞–Ω–∏–µ —Å–∞–º–æ—Å–æ–≤–µ—Ä—à–µ–Ω—Å—Ç–≤–æ–≤–∞—Ç—å—Å—è, –Ω–æ –∏ –ª—é–±–æ–≤—å –∫ —Å–≤–æ–µ–º—É –¥–µ–ª—É, –∫–æ–Ω–µ—á–Ω–æ –∂–µ! –æ —á–µ–º –∂–µ –µ—â–µ –º–æ–∂–Ω–æ –≥–æ–≤–æ—Ä–∏—Ç—å –≤ –¥–µ–Ω—å –ª—é–±–≤–∏ ‚ù§
 [id30517599|–∞–ª—ë–Ω–∞ –¥–º–∏—Ç—Ä–∏–µ–≤—Å–∫–∞—è], –≤—ã–ø—É—Å–∫–Ω–∏—Ü–∞ –º–∞–≥–∏—Å—Ç—Ä–∞—Ç—É—Ä—ã 2018 –≥–æ–¥–∞, –ø–∞—Ä—É –º–µ—Å—è—Ü–µ–≤ –Ω–∞–∑–∞–¥ —É—Å–ø–µ—à–Ω–æ –ø—Ä–æ—à–ª–∞ –∞—Ç—Ç–µ—Å—Ç–∞—Ü–∏—é —Å —É—Ä–æ–≤–Ω—è junior –¥–æ —É—Ä–æ–≤–Ω—è middle –Ω–∞ –ø–æ–∑–∏—Ü–∏–∏ software engineer –≤ –∫–æ–º–ø–∞–Ω–∏–∏ epam. –æ —Ç–æ–º, –∫–∞–∫ –µ—â–µ –±—É–¥—É—á–∏ —Å—Ç—É–¥–µ–Ω—Ç–æ–º, –Ω–∞–π—Ç–∏ —Å–≤–æ—é —Å—Ç–µ–∑—é, —á–∏—Ç–∞–µ–º –≤ –ª–∏—á–Ω–æ–º –∏–Ω—Ç–µ—Ä–≤—å—é —Å –∞–ª—ë–Ω–æ–π.",[]
"–∫–æ–º–ø–∞–Ω–∏—è huawei –æ—Ç–∫—Ä—ã–ª–∞ –Ω–∞–±–æ—Ä –Ω–∞ —Å—Ç–∞–∂–∏—Ä–æ–≤–∫–∏ –≤ –∏—Å—Å–ª–µ–¥–æ–≤–∞—Ç–µ–ª—å—Å–∫–∏–µ —Ü–µ–Ω—Ç—Ä—ã —Å–∞–Ω–∫—Ç-–ø–µ—Ç–µ—Ä–±—É—Ä–≥–∞, –º–æ—Å–∫–≤—ã –∏ –¥—É–Ω–≥—É–∞–Ω—å.",[]
–∫–æ–Ω–∫—É—Ä—Å –Ω–∞ —É—á–∞—Å—Ç–∏–µ –≤ –ø—Ä–æ–≥—Ä–∞–º–º–µ —Å–µ–º–µ—Å—Ç—Ä–æ–≤–æ–≥–æ –æ–±–º–µ–Ω–∞ –Ω–∞—á–Ω–µ—Ç—Å—è —É–∂–µ —Å–æ–≤—Å–µ–º —Å–∫–æ—Ä–æ! —Ç–∞–∫ —á—Ç–æ —Å–∫–æ—Ä–µ–µ –∑–∞–ø–∏—Å—ã–≤–∞–π—Ç–µ—Å—å –Ω–∞ —Ç–µ—Å—Ç–∏—Ä–æ–≤–∞–Ω–∏–µ —É—Ä–æ–≤–Ω—è –∞–Ω–≥–ª–∏–π—Å–∫–æ–≥–æ —è–∑—ã–∫–∞ –≤ –≥—Ä—É–ø–ø–µ [club111357633|—É–Ω–∏–≤–µ—Ä—Å–∏—Ç–µ—Ç –∏—Ç–º–æ | –∞–Ω–≥–ª–∏–π—Å–∫–∏–π —è–∑—ã–∫]ü§ó,"['c', '—Ç–µ—Å—Ç–∏—Ä–æ–≤–∞–Ω–∏–µ', '–∞–Ω–≥–ª–∏–π—Å–∫–∏–π']"
"–Ω–∞ —Å—Ç–∞–∂–∏—Ä–æ–≤–∫—É —á–µ—Ä–µ–∑ ""—à–∫–æ–ª—É.net-—Ä–∞–∑—Ä–∞–±–æ—Ç–∫–∏"", –Ω–∞ —Ä–∞–±–æ—Ç—É —á–µ—Ä–µ–∑ —Å—Ç–∞–∂–∏—Ä–æ–≤–∫—ÉüèÇ

–æ—Ç–∫—Ä—ã—Ç –Ω–∞–±–æ—Ä –Ω–∞ –±–µ—Å–ø–ª–∞—Ç–Ω—ã–π –∫—É—Ä—Å –ø–æ —Ä–∞–∑—Ä–∞–±–æ—Ç–∫–µ –≤ ""—à–∫–æ–ª—É.net-—Ä–∞–∑—Ä–∞–±–æ—Ç–∫–∏"" –æ—Ç digital design. 
 
–≤—ã –ø–æ–∑–Ω–∞–∫–æ–º–∏—Ç–µ—Å—å —Å –∫–ª–∏–µ–Ω—Ç-—Å–µ—Ä–≤–µ—Ä–Ω–æ–π –∞—Ä—Ö–∏—Ç–µ–∫—Ç—É—Ä–æ–π, web api –∏ spa, –ø–æ—Ä–∞–±–æ—Ç–∞–µ—Ç–µ —Å asp.net mvc, ms sql –∏ entity framework. –∫—Ä–æ–º–µ —Ç–µ–æ—Ä–µ—Ç–∏—á–µ—Å–∫–æ–π —á–∞—Å—Ç–∏ –±—É–¥–µ—Ç –º–Ω–æ–≥–æ –ø—Ä–∞–∫—Ç–∏–∫–∏. 
 
–ø–æ –æ–∫–æ–Ω—á–∞–Ω–∏–∏ –æ–±—É—á–µ–Ω–∏—è —É –≤–∞—Å –±—É–¥–µ—Ç —Å–æ–±—Å—Ç–≤–µ–Ω–Ω–æ–µ –ø–æ—Ä—Ç—Ñ–æ–ª–∏–æ, –∞ –ª—É—á—à–∏–µ —Å—Ç—É–¥–µ–Ω—Ç—ã –ø–æ–ª—É—á–∞—Ç –≤–æ–∑–º–æ–∂–Ω–æ—Å—Ç—å –ø—Ä–æ–π—Ç–∏ —Å—Ç–∞–∂–∏—Ä–æ–≤–∫—É –≤ –∫–æ–º–ø–∞–Ω–∏–∏ —Å –¥–∞–ª—å–Ω–µ–π—à–∏–º —Ç—Ä—É–¥–æ—É—Å—Ç—Ä–æ–π—Å—Ç–≤–æ–º üëçüèª
 
‚Äº—Ä–µ–≥–∏—Å—Ç—Ä–∞—Ü–∏—è –æ—Ç–∫—Ä—ã—Ç–∞ –¥–æ 14.11.2019‚Äº 
 
 
–∑–∞–ø–æ–ª–Ω–∏—Ç—å –∑–∞—è–≤–∫—É –Ω–∞ –æ–±—É—á–µ–Ω–∏–µ https://digdes.ru/it-university/courses/net-razrabotka","['c', '—Ä–∞–∑—Ä–∞–±–æ—Ç–∫–∞']"
"#–∏—Ç–º–æ—Å—Ç–∞–∂–∏—Ä–æ–≤–∫–∞ –æ—Ç colliers international üôåüèª

—Å—Ç–∞–∂–∏—Ä–æ–≤–∫–∏ –æ—Ç–∫—Ä—ã—Ç—ã –ø–æ –Ω–∞–ø—Ä–∞–≤–ª–µ–Ω–∏—è–º:

‚Ä¢ –¥–µ–ø–∞—Ä—Ç–∞–º–µ–Ω—Ç —Ç–æ—Ä–≥–æ–≤–æ–π –Ω–µ–¥–≤–∏–∂–∏–º–æ—Å—Ç–∏;
‚Ä¢ –¥–µ–ø–∞—Ä—Ç–∞–º–µ–Ω—Ç –æ—Ü–µ–Ω–∫–∏;
‚Ä¢ –¥–µ–ø–∞—Ä—Ç–∞–º–µ–Ω—Ç –æ—Ñ–∏—Å–Ω–æ–π –Ω–µ–¥–≤–∏–∂–∏–º–æ—Å—Ç–∏;
‚Ä¢ –¥–µ–ø–∞—Ä—Ç–∞–º–µ–Ω—Ç –º–∞—Ä–∫–µ—Ç–∏–Ω–≥–∞ –∏ pr; 
‚Ä¢ –¥–µ–ø–∞—Ä—Ç–∞–º–µ–Ω—Ç –∂–∏–ª–æ–π –Ω–µ–¥–≤–∏–∂–∏–º–æ—Å—Ç–∏; 
‚Ä¢ –¥–µ–ø–∞—Ä—Ç–∞–º–µ–Ω—Ç—ã –∫–æ–Ω—Å–∞–ª—Ç–∏–Ω–≥–∞ –∏ –∏–Ω–≤–µ—Å—Ç–∏—Ü–∏–∏; 
‚Ä¢ –¥–µ–ø–∞—Ä—Ç–∞–º–µ–Ω—Ç –∏—Å—Å–ª–µ–¥–æ–≤–∞–Ω–∏–π (–∞–Ω–∞–ª–∏—Ç–∏–∫–∏).

—Å—Ç–∞–∂–∏—Ä–æ–≤–∫–∏ –ø–æ–¥—Ö–æ–¥—è—Ç –¥–ª—è:
‚Ä¢ —Å—Ç—É–¥–µ–Ω—Ç–æ–≤ —Å—Ç–∞—Ä—à–∏—Ö –∫—É—Ä—Å–æ–≤; 
‚Ä¢ –∑–∞–∏–Ω—Ç–µ—Ä–µ—Å–æ–≤–∞–Ω–Ω—ã—Ö –≤ —Å—Ñ–µ—Ä–µ –∫–æ–Ω—Å–∞–ª—Ç–∏–Ω–≥–∞ –ø–æ –∫–æ–º–º–µ—Ä—á–µ—Å–∫–æ–π –Ω–µ–¥–≤–∏–∂–∏–º–æ—Å—Ç–∏; 
‚Ä¢ —Å–æ –∑–Ω–∞–Ω–∏–µ–º –∞–Ω–≥–ª–∏–π—Å–∫–æ–≥–æ –Ω–∞ —É—Ä–æ–≤–Ω–µ –Ω–µ –Ω–∏–∂–µ intermediate. 

—É—Å–ª–æ–≤–∏—è —Å—Ç–∞–∂–∏—Ä–æ–≤–∫–∏: 
‚Ä¢ –æ—Ç 3 –¥–æ 6 –º–µ—Å—è—Ü–µ–≤ (–≤–æ–∑–º–æ–∂–Ω–æ –æ—Ñ–æ—Ä–º–ª–µ–Ω–∏–µ –∫–∞–∫ –ø—Ä–∞–∫—Ç–∏–∫–∏); 
‚Ä¢ –≥–∏–±–∫–∏–π –≥—Ä–∞—Ñ–∏–∫ - 20 —á–∞—Å–æ–≤ –≤ –Ω–µ–¥–µ–ª—é; 
‚Ä¢ –Ω–µ–æ–ø–ª–∞—á–∏–≤–∞–µ–º–∞—è.

—Ä–µ–∑—é–º–µ –ø—Ä–∏—Å—ã–ª–∞—Ç—å –Ω–∞ –ø–æ—á—Ç—É hr.spb@colliers.com –∏–ª–∏ –ø–∏—Å–∞—Ç—å [id236330345|–≤ –ª–∏—á–Ω—ã–µ —Å–æ–æ–±—â–µ–Ω–∏—è].","['c', '–∞–Ω–∞–ª–∏—Ç–∏–∫', '–∞–Ω–≥–ª–∏–π—Å–∫–∏–π']"
"#–∏—Ç–º–æ–≤–∞–∫–∞–Ω—Å–∏—è #–∏—Ç–º–æ—Å—Ç–∞–∂–∏—Ä–æ–≤–∫–∞

–ø—Ä–æ–≥—Ä–∞–º–º–∏—Å—Ç unity –∫–æ–º–ø–∞–Ω–∏—è mytona - https://vk.cc/99vofy

hr (–ø–æ–¥–±–æ—Ä –ø–µ—Ä—Å–æ–Ω–∞–ª–∞) –∫–æ–º–ø–∞–Ω–∏—è —Å–æ—Ç–µ—Ä - https://vk.cc/99vqet

it-–∫–æ–Ω—Å—É–ª—å—Ç–∞–Ω—Ç (–∞–Ω–∞–ª–∏—Ç–∏–∫) –∫–æ–º–ø–∞–Ω–∏—è profi credit - https://vk.cc/99vrac

–ø—Ä–æ–≥—Ä–∞–º–º–∏—Å—Ç-—Å—Ç–∞–∂–µ—Ä –∫–æ–º–ø–∞–Ω–∏—è bs lab - https://vk.cc/99vrgf

 –º–ª–∞–¥—à–∏–π –ø—Ä–æ–≥—Ä–∞–º–º–∏—Å—Ç c++ –∫–æ–º–ø–∞–Ω–∏—è –Ω–∞–æ –∏–Ω–∫–∞—Ä—Ç - https://vk.cc/99vsx5

–ø—Ä–æ–≥—Ä–∞–º–º–∏—Å—Ç c++ –∫–æ–º–ø–∞–Ω–∏—è mytona - https://vk.cc/99vtsj","['c', '–∞–Ω–∞–ª–∏—Ç–∏–∫']"
"–ø—Ä–∏—Å–æ–µ–¥–∏–Ω—è–π—Å—è –∫ it-–ø–æ–¥—Ä–∞–∑–¥–µ–ª–µ–Ω–∏—é –∞–ª—å—Ñ–∞-–±–∞–Ω–∫–∞ —á–µ—Ä–µ–∑ –æ–ø–ª–∞—á–∏–≤–∞–µ–º—É—é —Å—Ç–∞–∂–∏—Ä–æ–≤–∫—É ¬´i choose alfa¬ª.

—Å—Ç–∞–∂–∏—Ä–æ–≤–∫–∞ –ø—Ä–æ—Ö–æ–¥–∏—Ç –≤ —Å–∞–Ω–∫—Ç-–ø–µ—Ç–µ—Ä–±—É—Ä–≥–µ –≤ –ø–æ–∑–∏—Ü–∏—è—Ö: —Ä–∞–∑—Ä–∞–±–æ—Ç—á–∏–∫ –Ω–∞ .net –∏–ª–∏ –Ω–∞ javascript –∏ —Ç–µ—Å—Ç–∏—Ä–æ–≤—â–∏–∫ –Ω–∞ .net. 
–æ–ø—ã—Ç —Ä–∞–±–æ—Ç—ã –Ω–µ –æ–±—è–∑–∞—Ç–µ–ª–µ–Ω, –≥–ª–∞–≤–Ω–æ–µ ‚Äî –ø–æ–∫–∞–∑–∞—Ç—å –∑–Ω–∞–Ω–∏—è –∏ —Å—Ç—Ä–µ–º–ª–µ–Ω–∏–µ —É—á–∏—Ç—å—Å—è –∏ —Ä–∞–±–æ—Ç–∞—Ç—å.
‚Äº–ø–æ–¥–∞–µ–º –∑–∞—è–≤–∫—É –Ω–∞ —Å–∞–π—Ç–µ https://vk.cc/9l3f99.

–µ—â–µ –±–æ–ª—å—à–µ —Å—Ç–∞–∂–∏—Ä–æ–≤–æ–∫ –≤ –Ω–∞—à–µ–π —Ä—É–±—Ä–∏–∫–µ ‚Äî-----> #–∏—Ç–º–æ—Å—Ç–∞–∂–∏—Ä–æ–≤–∫–∞","['java', 'c', 'javascript', '—Ç–µ—Å—Ç–∏—Ä–æ–≤—â–∏–∫', '—Ä–∞–∑—Ä–∞–±–æ—Ç—á–∏–∫']"
"–∏ –µ—â–µ –æ–¥–Ω–∞ #–∏—Ç–º–æ—Å—Ç–∞–∂–∏—Ä–æ–≤–∫–∞ –≤ —Å–µ–≥–æ–¥–Ω—è—à–Ω–∏–π –Ω–µ–ø—Ä–æ—Å—Ç–æ–π –ø–æ—Å–ª–µ–ø—Ä–∞–∑–¥–Ω–∏—á–Ω—ã–π –ø–æ–Ω–µ–¥–µ–ª—å–Ω–∏–∫ üòâ

–∫–æ–º–ø–∞–Ω–∏—è [club8711976|–∫–ø–º–≥ —Ä–æ—Å—Å–∏—è] –æ–±—ä—è–≤–ª—è–µ—Ç –Ω–∞–±–æ—Ä –≤ –¥–µ–ø–∞—Ä—Ç–∞–º–µ–Ω—Ç –∞—É–¥–∏—Ç–∞.

–º–∞–≥–∏—Å—Ç—Ä–∞–Ω—Ç—ã –∏ –≤—ã–ø—É—Å–∫–Ω–∏–∫–∏ –±–∞–∫–∞–ª–∞–≤—Ä–∏–∞—Ç–∞! –æ—Ç–ª–∏—á–Ω–∞—è –≤–æ–∑–º–æ–∂–Ω–æ—Å—Ç—å –¥–ª—è –≤–∞—Å –ø—Ä–æ–π—Ç–∏ test drive day! 

‚Ä¢ –Ω–∞–ø–∏—Å–∞—Ç—å —Ç–µ—Å—Ç –≤ –æ—Ñ–∏—Å–µ ‚Äì –ø—Ä–æ–π—Ç–∏ –ø–µ—Ä–≤—ã–π —ç—Ç–∞–ø –æ—Ç–±–æ—Ä–∞, —Ä–µ–∑—É–ª—å—Ç–∞—Ç—ã –∫–æ—Ç–æ—Ä–æ–≥–æ –±—É–¥—É—Ç –¥–µ–π—Å—Ç–≤–∏—Ç–µ–ª—å–Ω—ã 1 –≥–æ–¥.
‚Ä¢ –Ω–∞–ø–∏—Å–∞—Ç—å —Ç–µ—Å—Ç –ø–æ–≤—Ç–æ—Ä–Ω–æ, –µ—Å–ª–∏ —Ä–∞–Ω—å—à–µ –Ω–µ –ø–æ–ª—É—á–∏–ª–æ—Å—å.
‚Ä¢ –∑–∞–¥–∞—Ç—å –≤–æ–ª–Ω—É—é—â–∏–µ –≤–æ–ø—Ä–æ—Å—ã hr —Å–ø–µ—Ü–∏–∞–ª–∏—Å—Ç–æ–º –∏ —Å–æ—Ç—Ä—É–¥–Ω–∏–∫–∞–º –∞—É–¥–∏—Ç–∞.
‚Ä¢ –ø—Ä–æ–π—Ç–∏ hr –∏–Ω—Ç–µ—Ä–≤—å—é –≤ —Ç–æ—Ç –∂–µ –¥–µ–Ω—å.

–∫–æ–≥–¥–∞: 20 –º–∞—Ä—Ç–∞, 10:30 
–≥–¥–µ: —Å–∞–Ω–∫—Ç-–ø–µ—Ç–µ—Ä–±—É—Ä–≥, –æ—Ñ–∏—Å –∫–ø–º–≥, —É–ª. –º–∞—Ä–∞—Ç–∞, 69-71 
–¥–æ–ø–æ–ª–Ω–∏—Ç–µ–ª—å–Ω–∞—è –∏–Ω—Ñ–æ—Ä–º–∞—Ü–∏—è: +7 (812) 313-73-00, hrstp@kpmg.ru 

—Ä–µ–≥–∏—Å—Ç—Ä–∞—Ü–∏—è –Ω–∞ –º–µ—Ä–æ–ø—Ä–∏—è—Ç–∏–µ –ø–æ —Å—Å—ã–ª–∫–µ: https://vk.cc/97t8o2",['c']
"–Ω–∞—Ü–∏–æ–Ω–∞–ª—å–Ω—ã–π —Ü–µ–Ω—Ç—Ä –∫–æ–≥–Ω–∏—Ç–∏–≤–Ω—ã—Ö —Ä–∞–∑—Ä–∞–±–æ—Ç–æ–∫ —É–Ω–∏–≤–µ—Ä—Å–∏—Ç–µ—Ç–∞ –∏—Ç–º–æ –∏—â–µ—Ç –∫–∞–Ω–¥–∏–¥–∞—Ç–æ–≤ –Ω–∞ —Å—Ç–∞–∂–∏—Ä–æ–≤–∫—É! 
—Å—Ä–æ–∫ –æ—Ç —à–µ—Å—Ç–∏ –º–µ—Å—è—Ü–µ–≤ –¥–æ –æ–¥–Ω–æ–≥–æ –≥–æ–¥–∞, —Ä–∞–±–æ—Ç–∞ –æ–ø–ª–∞—á–∏–≤–∞–µ–º–∞—è, –≥—Ä–∞—Ñ–∏–∫ 5/2. 
–≥–ª–∞–≤–Ω—ã–µ —Ç—Ä–µ–±–æ–≤–∞–Ω–∏—è - —É—á–µ–Ω–∞—è —Å—Ç–µ–ø–µ–Ω—å –Ω–µ –Ω–∏–∂–µ –∫–∞–Ω–¥–∏–¥–∞—Ç–∞ –Ω–∞—É–∫ –∏–ª–∏ –æ–ø—ã—Ç —Ä—É–∫–æ–≤–æ–¥—è—â–µ–π —Ä–∞–±–æ—Ç—ã –Ω–µ –º–µ–Ω–µ–µ –ø—è—Ç–∏ –ª–µ—Ç (–∞ –ª—É—á—à–µ –≤—Å–µ –≤–º–µ—Å—Ç–µ!) 
–æ—Ç–±–æ—Ä –∫–∞–Ω–¥–∏–¥–∞—Ç–æ–≤ –±—É–¥–µ—Ç –ø—Ä–æ—Ö–æ–¥–∏—Ç—å –≤ —Ç—Ä–∏ —ç—Ç–∞–ø–∞. –ø–µ—Ä–≤—ã–π ‚Äì –ø—Ä–∏–µ–º –∑–∞—è–≤–æ–∫, –∑–∞–∫–æ–Ω—á–∏—Ç—Å—è 1 –¥–µ–∫–∞–±—Ä—è. 
–ø–æ–¥—Ä–æ–±–Ω–µ–µ –æ —Ü–µ–Ω—Ç—Ä –∫–æ–≥–Ω–∏—Ç–∏–≤–Ω—ã—Ö —Ä–∞–∑—Ä–∞–±–æ—Ç–æ–∫ –∏ –≤–∞–∫–∞–Ω—Å–∏–∏ –∑–¥–µ—Å—å:",['—Ä–∞–∑—Ä–∞–±–æ—Ç–∫–∞']
"–≤–µ—á–µ—Ä–Ω–∏–π –¥–∞–π–¥–∂–µ—Å—Ç –≤–∞–∫–∞–Ω—Å–∏–π –≤ —Å—Ñ–µ—Ä–µ it üî•

‚ùó—Å—Ç–∞–∂–µ—Ä—ã –≤ –∫–æ–º–ø–∞–Ω–∏—é epam:
- —Å—Ç–∞–∂–µ—Ä –ª–∞–±–æ—Ä–∞—Ç–æ—Ä–∏–∏ –µ—Ä–∞–º - https://vk.cc/9b6w0s
- c—Ç–∞–∂–µ—Ä java and test automation - https://vk.cc/9b6wtf
- —Å—Ç–∞–∂–µ—Ä javascript development - https://vk.cc/9b6wpt
- —Å—Ç–∞–∂–µ—Ä core java - https://vk.cc/9b6xqj

‚ùó–ø–æ–∑–∏—Ü–∏—è junior qa engineer –≤ –∫–æ–º–ø–∞–Ω–∏—é 8 base - https://vk.cc/9b6v3k 

‚ùó–ø–æ–∑–∏—Ü–∏—è –ø—Ä–æ–≥—Ä–∞–º–º–∏—Å—Ç-—Ä–∞–∑—Ä–∞–±–æ—Ç—á–∏–∫ c++ –≤ –∫–æ–º–ø–∞–Ω–∏—é —É–º–Ω—ã–µ —Ä–µ—à–µ–Ω–∏—è - https://vk.cc/9b6yyl

‚ùó–∞–Ω–∞–ª–∏—Ç–∏–∫-–∫–æ–Ω—Å—É–ª—å—Ç–∞–Ω—Ç bitrix24 –≤ –∫–æ–º–ø–∞–Ω–∏—é symmetron - https://vk.cc/9bsmps

‚ùó android developer –≤ –∫–æ–º–ø–∞–Ω–∏—é glamy - https://vk.cc/9bsonu

‚ùó—Å—Ç–∞–∂–µ—Ä-–ø—Ä–æ–≥—Ä–∞–º–º–∏—Å—Ç –≤  karfidov lab - https://vk.cc/9brpmy","['java', 'c', 'javascript', 'bi', '–∞–Ω–∞–ª–∏—Ç–∏–∫', '—Ä–∞–∑—Ä–∞–±–æ—Ç—á–∏–∫']"
"–∫–æ–º–ø–∞–Ω–∏—è —é–ª–º–∞—Ä—Ç –ø—Ä–∏–≥–ª–∞—à–∞–µ—Ç —Å—Ç—É–¥–µ–Ω—Ç–æ–≤ –∏ –≤—ã–ø—É—Å–∫–Ω–∏–∫–æ–≤ –Ω–∞ —Å—Ç–∞–∂–∏—Ä–æ–≤–∫—É –∏ –ø—Ä–∞–∫—Ç–∏–∫—É –ø–æ –Ω–∞–ø—Ä–∞–≤–ª–µ–Ω–∏—è–º: 

üìç–º–∞—Ä–∫–µ—Ç–∏–Ω–≥ 
üìç–∑–∞–∫—É–ø–∫–∞ 
üìç—Ñ–∏–Ω–∞–Ω—Å—ã 
üìç–∏–Ω—Ñ–æ—Ä–º–∞—Ü–∏–æ–Ω–Ω—ã–µ —Ç–µ—Ö–Ω–æ–ª–æ–≥–∏–∏ 
üìç–ª–æ–≥–∏—Å—Ç–∏–∫–∞ 
üìç–ø—Ä–æ–¥–∞–∂–∏ 

—Å—Ç–∞–∂–∏—Ä–æ–≤–∫–∞ –ø—Ä–æ–¥–ª–∏—Ç—Å—è –æ—Ç 1 –¥–æ 3 –º–µ—Å—è—Ü–µ–≤. –ø—Ä–æ–≥—Ä–∞–º–º–∞ –ø–æ–∑–≤–æ–ª–∏—Ç –ø–æ–ª—É—á–∏—Ç—å –ø—Ä–∞–∫—Ç–∏—á–µ—Å–∫–∏–µ –∑–Ω–∞–Ω–∏—è –∏ –ø–æ–∑–∏—Ç–∏–≤–Ω—ã–π –æ–ø—ã—Ç –¥–æ—Å—Ç–∏–∂–µ–Ω–∏—è –∞–º–±–∏—Ü–∏–æ–∑–Ω—ã—Ö –±–∏–∑–Ω–µ—Å-—Ü–µ–ª–µ–π, –æ–±—É—á–∏—Ç—å—Å—è –ø—Ä–æ—Ñ–µ—Å—Å–∏–∏, —Ä–∞–∑–≤–∏—Ç—å soft –∏ hard skills, –∞ —Ç–∞–∫–∂–µ —ç—Ç–æ –ø—Ä–µ–∫—Ä–∞—Å–Ω–∞—è –≤–æ–∑–º–æ–∂–Ω–æ—Å—Ç—å –ø–æ—Å–ª–µ–¥—É—é—â–µ–≥–æ —Ç—Ä—É–¥–æ—É—Å—Ç—Ä–æ–π—Å—Ç–≤–∞ –≤ –∫–æ–º–ø–∞–Ω–∏—é. 

—Ç—Ä–µ–±–æ–≤–∞–Ω–∏—è:

- –≤—ã—Å—à–µ–µ/–Ω–µ–æ–∫–æ–Ω—á–µ–Ω–Ω–æ–µ –≤—ã—Å—à–µ–µ –æ–±—Ä–∞–∑–æ–≤–∞–Ω–∏–µ 
- –≤—ã—Å–æ–∫–∞—è —Å—Ç–µ–ø–µ–Ω—å —Å–∞–º–æ–¥–∏—Å—Ü–∏–ø–ª–∏–Ω—ã –∏ –æ—Ç–≤–µ—Ç—Å—Ç–≤–µ–Ω–Ω–æ—Å—Ç–∏ 
- –≤—ã—Å–æ–∫–∏–µ –∞–Ω–∞–ª–∏—Ç–∏—á–µ—Å–∫–∏–µ —Å–ø–æ—Å–æ–±–Ω–æ—Å—Ç–∏ 
- –≤–Ω–∏–º–∞–Ω–∏–µ –∫ –¥–µ—Ç–∞–ª—è–º 
- –Ω–∞—Ü–µ–ª–µ–Ω–Ω–æ—Å—Ç—å –Ω–∞ —Ä–µ–∑—É–ª—å—Ç–∞—Ç 
 
‚úâ–∑–∞–ø—Ä–æ—Å –ø—Ä–∏—Å–ª–∞—Ç—å –Ω–∞ –ø–æ—á—Ç—É: student@ulmart.ru. 
—Ç–µ–ª–µ—Ñ–æ–Ω –¥–ª—è —Å–≤—è–∑–∏: +7 (812) 336-37-77 

#–∏—Ç–º–æ–≤–∞–∫–∞–Ω—Å–∏—è #–∏—Ç–º–æ—Å—Ç–∞–∂–∏—Ä–æ–≤–∫–∞",[]
"üì£–æ–ø–ª–∞—á–∏–≤–∞–µ–º–∞—è —Å—Ç–∞–∂–∏—Ä–æ–≤–∫–∞ –Ω–∞ –ø—Ä–æ–∏–∑–≤–æ–¥—Å—Ç–≤–µ –≤ –∫–æ–º–ø–∞–Ω–∏–∏ p&g –≤ —Å–∞–Ω–∫—Ç-–ø–µ—Ç–µ—Ä–±—É—Ä–≥–µ! 

–∫–æ–º–ø–∞–Ω–∏—è –≤ –ø–æ–∏—Å–∫–µ —Å—Ç—É–¥–µ–Ω—Ç–∞ –ø–æ—Å–ª–µ–¥–Ω–∏—Ö –∫—É—Ä—Å–æ–≤ –æ–±—É—á–µ–Ω–∏—è –∏–ª–∏ –≤—ã–ø—É—Å–∫–Ω–∏–∫–∞ (–Ω–µ –±–æ–ª–µ–µ 3 –ª–µ—Ç –Ω–∞–∑–∞–¥), —Å–≤–æ–±–æ–¥–Ω–æ –≤–ª–∞–¥–µ—é—â–µ–≥–æ –∞–Ω–≥–ª–∏–π—Å–∫–∏–º —è–∑—ã–∫–æ–º, –æ–±–ª–∞–¥–∞—é—â–µ–≥–æ –æ—Ç–ª–∏—á–Ω—ã–º–∏ –Ω–∞–≤—ã–∫–∞–º–∏ –≤ –ø–æ—Å—Ç—Ä–æ–µ–Ω–∏–∏ –∫–æ–º–º—É–Ω–∏–∫–∞—Ü–∏–π –∏ –∂–µ–ª–∞–Ω–∏–µ–º —É—á–∏—Ç—å—Å—è –∏ –ø—Ä–æ—è–≤–ª—è—Ç—å –∏–Ω–∏—Ü–∏–∞—Ç–∏–≤—É. —É–º–µ–Ω–∏–µ –∞–Ω–∞–ª–∏—Ç–∏—á–µ—Å–∫–∏ –º—ã—Å–ª–∏—Ç—å –±—É–¥–µ—Ç –æ–≥—Ä–æ–º–Ω—ã–º –ø—Ä–µ–∏–º—É—â–µ—Å—Ç–≤–æ–º.

–∫–æ–º–ø–∞–Ω–∏—è –≥–∞—Ä–∞–Ω—Ç–∏—Ä—É–µ—Ç –ø–æ–ª–Ω–æ–µ –≤–æ–≤–ª–µ—á–µ–Ω–∏–µ –≤ —Ä–∞–±–æ—Ç—É —Å –ø–µ—Ä–≤–æ–≥–æ –¥–Ω—è, –∑–ø 65–∫, —Ä–∞–∑–≤–æ–∑–∫—É –æ—Ç –º.–º–æ—Å–∫–æ–≤—Å–∫–∞—è, –∫–æ–º–ø–µ–Ω—Å–∞—Ü–∏—é –æ–±–µ–¥–∞ –Ω–∞ —Ç–µ—Ä—Ä–∏—Ç–æ—Ä–∏–∏ –ø—Ä–µ–¥–ø—Ä–∏—è—Ç–∏—è.

üöÄ—É—Å–ø–µ–π –ø–æ–¥–∞—Ç—å –∑–∞—è–≤–∫—É https://vk.cc/9dbvgu

p.s. –ø–æ –≤—Å–µ–º –≤–æ–ø—Ä–æ—Å–∞–º –æ–±—Ä–∞—â–∞—Ç—å—Å—è –∫ –ø—Ä–µ–¥—Å—Ç–∞–≤–∏—Ç–µ–ª—é –∫–æ–º–ø–∞–Ω–∏–∏, –∫–∏—Ä–∏–ª–ª—É –±–µ—Ä–µ–∑–∫–∏–Ω—É, berezkin.kv@pg.com, +79602783338

#–∏—Ç–º–æ—Å—Ç–∞–∂–∏—Ä–æ–≤–∫–∞","['c', '–∞–Ω–≥–ª–∏–π—Å–∫–∏–π']"
"–∞ –≤—ã —É–∂–µ –∑–Ω–∞–µ—Ç–µ, —á–µ–º –∑–∞–π–º—ë—Ç–µ—Å—å –ª–µ—Ç–æ–º? —É –Ω–∞—Å –µ—Å—Ç—å –ø—Ä–µ–¥–ª–æ–∂–µ–Ω–∏–µ üï∫ 

–ø—Ä–∏—Ö–æ–¥–∏—Ç–µ –Ω–∞ –ª–µ—Ç–Ω—é—é —Å—Ç–∞–∂–∏—Ä–æ–≤–∫—É –≤ —è–Ω–¥–µ–∫—Å! –ª–µ—Ç–æ –≤ —è–Ω–¥–µ–∫—Å–µ ‚Äî —ç—Ç–æ —Ç—Ä–∏ –º–µ—Å—è—Ü–∞ –æ–ø–ª–∞—á–∏–≤–∞–µ–º–æ–π —Ä–∞–±–æ—Ç—ã –±–æ–∫ –æ –±–æ–∫ —Å –º–µ–Ω—Ç–æ—Ä–æ–º, –≤–æ–∑–º–æ–∂–Ω–æ—Å—Ç—å –ø–æ–¥—Ç—è–Ω—É—Ç—å —Å–≤–æ–∏ –∑–Ω–∞–Ω–∏—è –∏ –ø–æ—Ä–∞–±–æ—Ç–∞—Ç—å —Å –Ω–∞—Å—Ç–æ—è—â–∏–º–∏, –±–æ–µ–≤—ã–º–∏ –∑–∞–¥–∞—á–∞–º–∏. 

–º—ã –∂–¥—ë–º —Å—Ç—É–¥–µ–Ω—Ç–æ–≤ –∏ –≤—ã–ø—É—Å–∫–Ω–∏–∫–æ–≤ –≤—É–∑–æ–≤, –∫–æ—Ç–æ—Ä—ã–º –∏–Ω—Ç–µ—Ä–µ—Å–Ω–∞ —Å—Ç–∞–∂–∏—Ä–æ–≤–∫–∞ –ø–æ –Ω–∞–ø—Ä–∞–≤–ª–µ–Ω–∏—è–º: –±—ç–∫–µ–Ω–¥- –∏–ª–∏ —Ñ—Ä–æ–Ω—Ç–µ–Ω–¥-—Ä–∞–∑—Ä–∞–±–æ—Ç–∫–∞, –∞–Ω–∞–ª–∏—Ç–∏–∫–∞, –º–∞—à–∏–Ω–Ω–æ–µ –æ–±—É—á–µ–Ω–∏–µ, –º–æ–±–∏–ª—å–Ω–∞—è —Ä–∞–∑—Ä–∞–±–æ—Ç–∫–∞.

–µ—â—ë —Å–æ–º–Ω–µ–≤–∞–µ—Ç–µ—Å—å? –ø—Ä–∏—Ö–æ–¥–∏—Ç–µ 21 —Ñ–µ–≤—Ä–∞–ª—è –≤ –Ω–∞—à –º–æ—Å–∫–æ–≤—Å–∫–∏–π –æ—Ñ–∏—Å, —á—Ç–æ–±—ã –ø–æ–æ–±—â–∞—Ç—å—Å—è —Å –∫–æ–º–∞–Ω–¥–∞–º–∏ —Ä–∞–∑–Ω—ã—Ö —Å–µ—Ä–≤–∏—Å–æ–≤, –ø–æ—Å–ª—É—à–∞—Ç—å –ø—Ä–æ —Ä–∞–±–æ—Ç—É –∏ —É–∑–Ω–∞—Ç—å —Å–µ–∫—Ä–µ—Ç—ã –ø—Ä–æ—Ö–æ–∂–¥–µ–Ω–∏—è —Å–æ–±–µ—Å–µ–¥–æ–≤–∞–Ω–∏–π –Ω–∞ —Å—Ç–∞–∂–∏—Ä–æ–≤–∫—É. –µ—Å–ª–∏ –≤—ã –Ω–µ –º–æ–∂–µ—Ç–µ –ø—Ä–∏—Å—É—Ç—Å—Ç–≤–æ–≤–∞—Ç—å –ª–∏—á–Ω–æ, –Ω–∏—á–µ–≥–æ —Å—Ç—Ä–∞—à–Ω–æ–≥–æ ‚Äî –º—ã –æ—Ä–≥–∞–Ω–∏–∑—É–µ–º –æ–Ω–ª–∞–π–Ω-—Ç—Ä–∞–Ω—Å–ª—è—Ü–∏—é: https://ya.cc/55gt2

#–ª–µ—Ç–æ–≤—è–Ω–¥–µ–∫—Å–µ","['–º–∞—à–∏–Ω–Ω—ã–π –æ–±—É—á–µ–Ω–∏–µ', '–∞–Ω–∞–ª–∏—Ç–∏–∫', '—Ä–∞–∑—Ä–∞–±–æ—Ç–∫–∞']"
"#–∏—Ç–º–æ—Å—Ç–∞–∂–∏—Ä–æ–≤–∫–∞

—Ç–æ—Ä–≥–æ–≤–æ-–ø—Ä–æ–º—ã—à–ª–µ–Ω–Ω–∞—è –≥—Ä—É–ø–ø–∞ ¬´—Ç–∞–π–ø–∏—Ç¬ª –≤ –ø–æ–∏—Å–∫–µ –∞–º–±–∏—Ü–∏–æ–∑–Ω—ã—Ö —Å—Ç–∞–∂–µ—Ä–æ–≤ –ø–æ –Ω–∞–ø—Ä–∞–≤–ª–µ–Ω–∏—è–º: —Ä–∞–∑—Ä–∞–±–æ—Ç—á–∏–∫ 1—Å, –ø—Ä–æ–≥—Ä–∞–º–º–∏—Å—Ç (—Å++, —Å#), –∏–Ω–≤–µ—Å—Ç–∏—Ü–∏–æ–Ω–Ω—ã–π –∞–Ω–∞–ª–∏—Ç–∏–∫. 
‚úâ—Ä–µ–∑—é–º–µ –æ—Ç–ø—Ä–∞–≤–ª—è—Ç—å –Ω–∞ e.yakimenko@taipit.ru. –Ω–µ –∑–∞–±—É–¥—å—Ç–µ —É–∫–∞–∑–∞—Ç—å –Ω–∞–∑–≤–∞–Ω–∏–µ —Å—Ç–∞–∂–∏—Ä–æ–≤–∫–∏!

üìé—Ä–∞–∑—Ä–∞–±–æ—Ç—á–∏–∫ 1—Å 

‚Ä¢ —É—á–∞—Å—Ç–∏–µ –≤ –ø—Ä–æ—Ü–µ—Å—Å–µ —Ä–∞–∑—Ä–∞–±–æ—Ç–∫–∏ –Ω–∞ –ø–ª–∞—Ç—Ñ–æ—Ä–º–µ 1—Å 8.3 (—É–ø—Ä–∞–≤–ª—è–µ–º—ã–µ —Ñ–æ—Ä–º—ã) –≤ –∫–∞—á–µ—Å—Ç–≤–µ —Ä–∞–∑—Ä–∞–±–æ—Ç—á–∏–∫–∞ –ø–æ —Ç–∑, —Ä–∞–∑—Ä–∞–±–æ—Ç–∞–Ω–Ω—ã–º –±–∏–∑–Ω–µ—Å-–∞–Ω–∞–ª–∏—Ç–∏–∫–∞–º–∏; 
‚Ä¢ –ø—Ä–æ—Ä–∞–±–æ—Ç–∫–∞ —Ç–µ—Ö–Ω–∏—á–µ—Å–∫–∏—Ö —Ä–µ—à–µ–Ω–∏–π —Å–æ–≤–º–µ—Å—Ç–Ω–æ —Å –±–∏–∑–Ω–µ—Å-–∞–Ω–∞–ª–∏—Ç–∏–∫–∞–º–∏, —Å–∏—Å—Ç–µ–º–Ω—ã–º –∏ –±–∏–∑–Ω–µ—Å-–∞—Ä—Ö–∏—Ç–µ–∫—Ç–æ—Ä–æ–º; 
‚Ä¢ –ø–æ–¥–¥–µ—Ä–∂–∫–∞ –∫–æ—Ä–ø–æ—Ä–∞—Ç–∏–≤–Ω—ã—Ö –∏–Ω—Ñ–æ—Ä–º–∞—Ü–∏–æ–Ω–Ω—ã—Ö —Å–∏—Å—Ç–µ–º 1—Å –Ω–∞ —Ç—Ä–µ—Ç—å–µ–π –ª–∏–Ω–∏–∏ (–±–µ–∑ –ø—Ä—è–º–æ–≥–æ –∫–æ–Ω—Ç–∞–∫—Ç–∞ —Å –ø–æ–ª—å–∑–æ–≤–∞—Ç–µ–ª—è–º–∏). 
 
üìé–æ—Ç–¥–µ–ª —Ä–∞–∑–≤–∏—Ç–∏—è 

‚Ä¢ —Å–±–æ—Ä, –∞–Ω–∞–ª–∏–∑ –∏ —Å—Ç—Ä—É–∫—Ç—É—Ä–∏—Ä–æ–≤–∞–Ω–∏–µ –∏–Ω—Ñ–æ—Ä–º–∞—Ü–∏–∏; 
‚Ä¢ —Ä–∞–∑–±–∏–µ–Ω–∏–µ –¥–µ—è—Ç–µ–ª—å–Ω–æ—Å—Ç–∏ –∫–æ–º–ø–∞–Ω–∏–∏ –Ω–∞ –±–∏–∑–Ω–µ—Å-–ø—Ä–æ—Ü–µ—Å—Å—ã –∏ —Ñ–æ—Ä–º–∏—Ä–æ–≤–∞–Ω–∏–µ —Ä–µ–∫–æ–º–µ–Ω–¥–∞—Ü–∏–π –ø–æ –∏—Ö –æ–ø—Ç–∏–º–∏–∑–∞—Ü–∏–∏; 
‚Ä¢ –≤–µ–¥–µ–Ω–∏–µ –ø–µ—Ä–µ–≥–æ–≤–æ—Ä–æ–≤ —Å —Ä–µ–∞–ª—å–Ω—ã–º–∏ –∏–Ω–∏—Ü–∏–∞—Ç–æ—Ä–∞–º–∏ –ø—Ä–æ–µ–∫—Ç–∞ –∏–ª–∏ –¥–µ–π—Å—Ç–≤—É—é—â–∏–º–∏ —É–ø—Ä–∞–≤–ª—è—é—â–∏–º–∏ –±–∏–∑–Ω–µ—Å–æ–≤;
‚Ä¢ –ø—Ä–∏–æ–±—Ä–µ—Ç–µ–Ω–∏–µ –ø—Ä–∞–∫—Ç–∏—á–µ—Å–∫–∏—Ö –Ω–∞–≤—ã–∫–æ–≤ –≤–ª–∞–¥–µ–Ω–∏—è excel –≤ —á–∞—Å—Ç–∏ –ø–æ—Å—Ç—Ä–æ–µ–Ω–∏—è —Ñ–∏–Ω–∞–Ω—Å–æ–≤–æ-—ç–∫–æ–Ω–æ–º–∏—á–µ—Å–∫–∏—Ö –º–æ–¥–µ–ª–µ–π –∏ –æ—Ü–µ–Ω–∫–∏ –∏–Ω–≤–µ—Å—Ç–∏—Ü–∏–æ–Ω–Ω–æ–π –ø—Ä–∏–≤–ª–µ–∫–∞—Ç–µ–ª—å–Ω–æ—Å—Ç–∏ –±–∏–∑–Ω–µ—Å-–ø—Ä–æ–µ–∫—Ç–æ–≤, —Ç–æ—Ä–≥–æ–≤—ã—Ö –ø—Ä–æ–µ–∫—Ç–æ–≤, –æ—Ü–µ–Ω–∫–∏ –ø–æ–ª–Ω–æ—Ç—ã –≤—Ö–æ–¥–Ω–æ–π –∏–Ω—Ñ–æ—Ä–º–∞—Ü–∏–∏ –ø–æ —Ä–∞—Å—Ö–æ–¥–∞–º. 
 
üìé–ø—Ä–æ–≥—Ä–∞–º–º–∏—Å—Ç (—Å++, —Å#) 

‚Ä¢ –ø–æ–¥–¥–µ—Ä–∂–∫–∞ –∏ –¥–æ—Ä–∞–±–æ—Ç–∫–∞ —Å—É—â–µ—Å—Ç–≤—É—é—â–µ–≥–æ –ø–æ;
‚Ä¢ —Ä–∞–±–æ—Ç–∞ —Å –ø–æ —Å–æ–±—Å—Ç–≤–µ–Ω–Ω–æ–π —Ä–∞–∑—Ä–∞–±–æ—Ç–∫–∏.","['c', '–∞–Ω–∞–ª–∏—Ç–∏–∫', '—Ä–∞–∑—Ä–∞–±–æ—Ç–∫–∞', '—Ä–∞–∑—Ä–∞–±–æ—Ç—á–∏–∫']"
"–≤—ã–ø—É—Å–∫–Ω–∏–∫–∏ –∏ —Å—Ç—É–¥–µ–Ω—Ç—ã –ø–æ—Å–ª–µ–¥–Ω–∏—Ö –∫—É—Ä—Å–æ–≤ –æ–±—É—á–µ–Ω–∏—è! –Ω–æ–≤–æ—Å—Ç—å –¥–Ω—è –¥–ª—è –≤–∞—Å!

—Ç–µ—Ö–Ω–æ–ª–æ–≥–∏—á–µ—Å–∫–∏–π —Å—Ç–∞—Ä—Ç–∞–ø air&soil technologies –∑–∞–Ω–∏–º–∞–µ—Ç—Å—è —Ä–∞–∑—Ä–∞–±–æ—Ç–∫–æ–π —Ä–æ–±–æ—Ç–∏–∑–∏—Ä–æ–≤–∞–Ω–Ω—ã—Ö —É—Å—Ç—Ä–æ–π—Å—Ç–≤ –¥–ª—è –∞–≥—Ä–æ–ø—Ä–æ–º—ã—à–ª–µ–Ω–Ω—ã—Ö –∫–æ–º–ø–∞–Ω–∏–π, –∏—Å–ø–æ–ª—å–∑—É—è, –∏–Ω–Ω–æ–≤–∞—Ü–∏–æ–Ω–Ω—ã–µ –º–µ—Ç–æ–¥—ã –∏ —Ç–µ—Ö–Ω–æ–ª–æ–≥–∏–∏, —Ç–∞–∫–∏–µ –∫–∞–∫ –∫–æ–º–ø—å—é—Ç–µ—Ä–Ω–æ–µ –∑—Ä–µ–Ω–∏–µ, –∏—Å–∫—É—Å—Å—Ç–≤–µ–Ω–Ω—ã–π –∏–Ω—Ç–µ–ª–ª–µ–∫—Ç –∏ –º–∞—à–∏–Ω–Ω–æ–µ –æ–±—É—á–µ–Ω–∏–µ. –≤—Å—ë —ç—Ç–æ –ø–æ–º–æ–≥–∞–µ—Ç —Ñ–µ—Ä–º–µ—Ä–∞–º —É–≤–µ–ª–∏—á–∏—Ç—å —É—Ä–æ–∂–∞–π –∏ –ø—Ä–∏–±—ã–ª—å, —Å–æ–∫—Ä–∞—Ç–∏—Ç—å –∏—Å–ø–æ–ª—å–∑–æ–≤–∞–Ω–∏—è —Ö–∏–º–∏–∫–∞—Ç–æ–≤ –∏ –∑–∞—â–∏—Ç–∏—Ç—å –æ–∫—Ä—É–∂–∞—é—â—É—é —Å—Ä–µ–¥—É. 

—Å–µ–π—á–∞—Å —Å—Ç–∞—Ä—Ç–∞–ø –ø—Ä–µ–±—ã–≤–∞–µ—Ç –≤ –ø–æ–∏—Å–∫–µ —Ç–∞–ª–∞–Ω—Ç–ª–∏–≤—ã—Ö –∏–Ω–∂–µ–Ω–µ—Ä–æ–≤ –∏ –ø—Ä–æ–≥—Ä–∞–º–º–∏—Å—Ç–æ–≤ –∏–∑ —Ç–∞–∫–∏—Ö –æ–±–ª–∞—Å—Ç–µ–π, –∫–∞–∫ —Ä–æ–±–æ—Ç–æ—Ç–µ—Ö–Ω–∏–∫–∞ / –∫–æ–º–ø—å—é—Ç–µ—Ä–Ω–æ–µ –∑—Ä–µ–Ω–∏–µ / –º–∞—à–∏–Ω–Ω–æ–µ –æ–±—É—á–µ–Ω–∏–µ / –∏—Å–∫—É—Å—Å—Ç–≤–µ–Ω–Ω—ã–π –∏–Ω—Ç–µ–ª–ª–µ–∫—Ç. 

–æ–±—è–∑–∞–Ω–Ω–æ—Å—Ç–∏:

‚Ä¢ –≤–Ω–µ–¥—Ä–µ–Ω–∏–µ —Å–∏—Å—Ç–µ–º –∫–ª–∞—Å—Å–∏—Ñ–∏–∫–∞—Ü–∏–∏, –æ—Å–Ω–æ–≤–∞–Ω–Ω—ã—Ö –Ω–∞ –≥–ª—É–±–æ–∫–æ–º –æ–±—É—á–µ–Ω–∏–∏, –¥–ª—è –≤—ã—è–≤–ª–µ–Ω–∏—è —Ö–∞—Ä–∞–∫—Ç–µ—Ä–∏—Å—Ç–∏–∫–∏ –∏ –∫–ª–∞—Å—Å–∏—Ñ–∏–∫–∞—Ü–∏–∏ —Ä–∞–∑–ª–∏—á–Ω—ã—Ö –æ–±—ä–µ–∫—Ç–æ–≤ –≤ –∞–≥—Ä–æ-–ø—Ä–æ–º—ã—à–ª–µ–Ω–Ω–æ—Å—Ç–∏ —Å –∏—Å–ø–æ–ª—å–∑–æ–≤–∞–Ω–∏–µ–º –∫–∞–º–µ—Ä—ã, —Ä–∞–¥–∞—Ä–∞, —Å–µ–Ω—Å–æ—Ä–∞ –∏ —Ç.–¥. 
‚Ä¢ –∏–∑—É—á–µ–Ω–∏–µ –∏ —Ä–∞–∑—Ä–∞–±–æ—Ç–∫–∞ –Ω–æ–≤—ã—Ö –º–µ—Ç–æ–¥–æ–≤ –æ–±–Ω–∞—Ä—É–∂–µ–Ω–∏—è, –ø–æ–≤—ã—à–µ–Ω–∏—è –ø—Ä–æ–∏–∑–≤–æ–¥–∏—Ç–µ–ª—å–Ω–æ—Å—Ç–∏ –∏ —É–≤–µ–ª–∏—á–µ–Ω–∏—è —Å–∫–æ—Ä–æ—Å—Ç–∏ —Ä–∞–±–æ—Ç—ã –ø–æ. 
‚Ä¢ —Ä–∞–±–æ—Ç–∞ —Å –∫–æ–º–∞–Ω–¥–æ–π —Ä–∞–∑—Ä–∞–±–æ—Ç—á–∏–∫–æ–≤ –ø—Ä–æ–≥—Ä–∞–º–º–Ω–æ–≥–æ –æ–±–µ—Å–ø–µ—á–µ–Ω–∏—è. —Ç–µ—Å—Ç–∏—Ä–æ–≤–∞–Ω–∏–µ –ø–æ –≤ –ª–∞–±–æ—Ä–∞—Ç–æ—Ä–Ω—ã—Ö —É—Å–ª–æ–≤–∏—è—Ö, –∞ —Ç–∞–∫–∂–µ –≥–æ—Ç–æ–≤–Ω–æ—Å—Ç—å –≤–Ω–µ–¥—Ä—è—Ç—å –ø–æ –≤ —Ä–æ–±–æ—Ç–∏–∑–∏—Ä–æ–≤–∞–Ω–Ω—ã–µ —Å–∏—Å—Ç–µ–º—ã –≤ –ø–æ–ª–µ–≤—ã—Ö —É—Å–ª–æ–≤–∏—è—Ö. 
‚Ä¢ —Ä–∞–∑—Ä–∞–±–æ—Ç–∫–∞ –ø–æ –≤–º–µ—Å—Ç–µ —Å —Å–∏—Å—Ç–µ–º–Ω—ã–º–∏ –ø—Ä–æ–≥—Ä–∞–º–º–∏—Å—Ç–∞–º–∏, –∞ —Ç–∞–∫–∂–µ –≥–æ—Ç–æ–≤–Ω–æ—Å—Ç—å –ø–æ–º–æ—á—å –≤ —Ä–∞–∑—Ä–∞–±–æ—Ç–∫–µ –∫–æ–Ω–≤–µ–π–µ—Ä–æ–≤ –æ–±—Ä–∞–±–æ—Ç–∫–∏ –¥–∞–Ω–Ω—ã—Ö –∏ –∞–Ω–Ω–æ—Ç–∞—Ü–∏–π –¥–ª—è –Ω–µ–ø—Ä–µ—Ä—ã–≤–Ω–æ–≥–æ –º–æ–Ω–∏—Ç–æ—Ä–∏–Ω–≥–∞ –∏ —É–ª—É—á—à–µ–Ω–∏—è —Å–∏—Å—Ç–µ–º—ã. 

—Ç—Ä–µ–±–æ–≤–∞–Ω–∏—è –∫ –∫–∞–Ω–¥–∏–¥–∞—Ç–∞–º:

‚Ä¢ 2+ –ª–µ—Ç —Ä–∞–∑—Ä–∞–±–æ—Ç–∫–∏ –∞–ª–≥–æ—Ä–∏—Ç–º–æ–≤ –∏ —Ä–µ—à–µ–Ω–∏—è –ø—Ä–æ–±–ª–µ–º –≤ –æ–±–ª–∞—Å—Ç–∏ –∫–æ–º–ø—å—é—Ç–µ—Ä–Ω–æ–≥–æ –∑—Ä–µ–Ω–∏—è, –≤ —Ä–∞–∑—Ä–∞–±–æ—Ç–∫–µ —Å–∏—Å—Ç–µ–º –º–∞—à–∏–Ω–Ω–æ–≥–æ –æ–±—É—á–µ–Ω–∏—è, —Å –æ–ø—ã—Ç–æ–º —Ä–∞–±–æ—Ç—ã –≤ —Å–∏—Å—Ç–µ–º–∞—Ö –≥–ª—É–±–æ–∫–æ–≥–æ –æ–±—É—á–µ–Ω–∏—è (–ø—Ä–µ–¥–ø–æ—á—Ç–∏—Ç–µ–ª—å–Ω–µ–µ tensorflow).
‚Ä¢ –∞–¥–∞–ø—Ç–∞—Ü–∏—è —Å –ø–æ—Å–ª–µ–¥–Ω–∏–º–∏ –∏—Å—Å–ª–µ–¥–æ–≤–∞–Ω–∏—è–º–∏ –≤ –æ–±–ª–∞—Å—Ç–∏ –≤–æ—Å–ø—Ä–∏—è—Ç–∏—è, –º–∞—à–∏–Ω–Ω–æ–≥–æ –æ–±—É—á–µ–Ω–∏—è, –≥–ª—É–±–æ–∫–æ–≥–æ –æ–±—É—á–µ–Ω–∏—è –∏ —Ä–æ–±–æ—Ç–æ—Ç–µ—Ö–Ω–∏–∫–∏. 
‚Ä¢ —Ö–æ—Ä–æ—à–∏–µ –∑–Ω–∞–Ω–∏—è –≤ c ++ , python, opencv, tensorflow/pytorch, pandas, matlab –∏ matplotlib 
‚Ä¢ –≤–Ω–∏–º–∞–Ω–∏–µ –∫ –¥–µ—Ç–∞–ª—è–º –∏ —É–º–µ–Ω–∏–µ —Ä–∞–±–æ—Ç–∞—Ç—å —Å–∞–º–æ—Å—Ç–æ—è—Ç–µ–ª—å–Ω–æ, –∫–æ–º–º—É–Ω–∏–∫–∞—Ç–∏–≤–Ω—ã–µ –∏ –Ω–∞–≤—ã–∫–∏ —Ä–∞–±–æ—Ç—ã –≤ –∫–æ–º–∞–Ω–¥–µ. 

—Ä–µ–∑—é–º–µ –æ—Ç–ø—Ä–∞–≤–ª—è—Ç—å –Ω–∞ –∞–¥—Ä–µ—Å akmal.kholikulov@gmail.com –∏–ª–∏ –≤ [id299310374|–ª–∏—á–Ω—ã–µ —Å–æ–æ–±—â–µ–Ω–∏—è].

#–∏—Ç–º–æ—Å—Ç–∞–∂–∏—Ä–æ–≤–∫–∞ #–∏—Ç–º–æ–≤–∞–∫–∞–Ω—Å–∏—è","['c', 'python', '–º–∞—à–∏–Ω–Ω—ã–π –æ–±—É—á–µ–Ω–∏–µ', '—Ç–µ—Å—Ç–∏—Ä–æ–≤–∞–Ω–∏–µ', '—Ä–∞–∑—Ä–∞–±–æ—Ç–∫–∞', '—Ä–∞–∑—Ä–∞–±–æ—Ç—á–∏–∫', '–∏–Ω–∂–µ–Ω–µ—Ä']"
"[club91635769|–≤–∫–æ–Ω—Ç–∞–∫—Ç–µ] –ø—Ä–∏–≥–ª–∞—à–∞–µ—Ç –Ω–∞ —Å—Ç–∞–∂–∏—Ä–æ–≤–∫—É! –Ω–∞–º –Ω–µ–≤–∞–∂–Ω–æ, —à–∫–æ–ª—å–Ω–∏–∫ –≤—ã –∏–ª–∏ —Å—Ç—É–¥–µ–Ω—Ç, —Ä–∞–±–æ—Ç–∞–µ—Ç–µ –≤ —Å—Ñ–µ—Ä–µ it –∏–ª–∏ –ø–æ–∫–∞ –Ω–µ—Ç. –µ—Å–ª–∏ –≤–∞–º –∏–Ω—Ç–µ—Ä–µ—Å–Ω–æ —É–∑–Ω–∞—Ç—å –±–æ–ª—å—à–µ –æ –≤–∫–æ–Ω—Ç–∞–∫—Ç–µ –∏ —Å–¥–µ–ª–∞—Ç—å —Å–≤–æ–π –≤–∫–ª–∞–¥ –≤ —Ä–∞–∑–≤–∏—Ç–∏–µ –ø–ª–∞—Ç—Ñ–æ—Ä–º—ã ‚Äî –¥–æ 26 –º–∞—è –≤–∫–ª—é—á–∏—Ç–µ–ª—å–Ω–æ –æ—Ç–ø—Ä–∞–≤—å—Ç–µ –∑–∞—è–≤–∫—É –Ω–∞ —É—á–∞—Å—Ç–∏–µ –≤ –ø—Ä–æ–≥—Ä–∞–º–º–µ. 
 
8 –∫–æ–º–∞–Ω–¥ –Ω–∞ –¥–≤–∞ –º–µ—Å—è—Ü–∞ –≤–æ–∑—å–º—É—Ç –ø–æ–¥ —Å–≤–æ—ë –∫—Ä—ã–ª–æ –æ—Ç –æ–¥–Ω–æ–≥–æ –¥–æ —Ç—Ä—ë—Ö —Å—Ç–∞–∂—ë—Ä–æ–≤. –µ—Å–ª–∏ –≤—ã –æ–∫–∞–∂–µ—Ç–µ—Å—å —Å—Ä–µ–¥–∏ –Ω–∏—Ö, —Ç–æ –±—É–¥–µ—Ç–µ —Ä–∞–±–æ—Ç–∞—Ç—å –≤ –¥–æ–º–µ –∑–∏–Ω–≥–µ—Ä–∞ ‚Äî –Ω–∞–¥ —Ä–µ–∞–ª—å–Ω—ã–º–∏ –∑–∞–¥–∞—á–∞–º–∏, –∫–æ—Ç–æ—Ä—ã–µ –∫–∞–∂–¥—ã–π –¥–µ–Ω—å —Ä–µ—à–∞—é—Ç —Å–æ—Ç—Ä—É–¥–Ω–∏–∫–∏ –≤–∫–æ–Ω—Ç–∞–∫—Ç–µ, –∏ –Ω–∞–¥ —ç–∫—Å–ø–µ—Ä–∏–º–µ–Ω—Ç–∞–ª—å–Ω—ã–º–∏ –∑–∞–¥–∞–Ω–∏—è–º–∏, —Ä–µ–∑—É–ª—å—Ç–∞—Ç–æ–º –∫–æ—Ç–æ—Ä—ã—Ö —Å—Ç–∞–Ω–µ—Ç –∑–∞–∫–æ–Ω—á–µ–Ω–Ω—ã–π –ø—Ä–æ–¥—É–∫—Ç. –æ–ø—ã—Ç–Ω—ã–µ –Ω–∞—Å—Ç–∞–≤–Ω–∏–∫–∏ –≤–≤–µ–¥—É—Ç –≤–∞—Å –≤ –∫—É—Ä—Å –¥–µ–ª–∞, –ø–æ–¥–µ–ª—è—Ç—Å—è –∑–Ω–∞–Ω–∏—è–º–∏ –∏ –ø–æ–º–æ–≥—É—Ç —Ä–µ–∞–ª–∏–∑–æ–≤–∞—Ç—å –≤–∞—à–∏ –∏–¥–µ–∏. –∑–∞ —Å–≤–æ–π —Ç—Ä—É–¥ –≤—ã –ø–æ–ª—É—á–∏—Ç–µ –¥–µ–Ω–µ–∂–Ω–æ–µ –≤–æ–∑–Ω–∞–≥—Ä–∞–∂–¥–µ–Ω–∏–µ –∏ –ø—Ä–∏—è—Ç–Ω—ã–µ –±–æ–Ω—É—Å—ã: —Ç–µ–º–∞—Ç–∏—á–µ—Å–∫–∏–µ —Å—É–≤–µ–Ω–∏—Ä—ã –∏ —Å–µ—Ä—Ç–∏—Ñ–∏–∫–∞—Ç –æ –ø—Ä–æ—Ö–æ–∂–¥–µ–Ω–∏–∏ —Å—Ç–∞–∂–∏—Ä–æ–≤–∫–∏. 
 
—Å—Ç–∞–∂–∏—Ä–æ–≤–∫–∞ –Ω–∞—á–Ω—ë—Ç—Å—è 15 –∏—é–ª—è. –≤—Å–µ –Ω–æ–≤–æ—Å—Ç–∏ –ø—Ä–æ–≥—Ä–∞–º–º—ã –±—É–¥—É—Ç –≤ —Å–æ–æ–±—â–µ—Å—Ç–≤–µ [club91635769|vk education], –∞ –ø–æ–¥–∞—Ç—å –∑–∞—è–≤–∫—É –º–æ–∂–Ω–æ –∑–¥–µ—Å—å: vk.com/jobs 
 
–±–æ–ª—å—à–µ –æ –∫–æ–º–∞–Ω–¥–∞—Ö –∏ –∑–∞–¥–∞—á–∞—Ö, –∫–æ—Ç–æ—Ä—ã–µ –∂–¥—É—Ç —Å—Ç–∞–∂—ë—Ä–æ–≤, —á–∏—Ç–∞–π—Ç–µ –≤ —Å—Ç–∞—Ç—å–µ:",['c']
"–≤—ã–ø—É—Å–∫–Ω–æ–π –ø—Ä–æ—à–µ–ª, –∞ –≤–∞–∫–∞–Ω—Å–∏–∏ –¥–ª—è –≤—ã–ø—É—Å–∫–Ω–∏–∫–æ–≤ –æ—Å—Ç–∞–ª–∏—Å—å! üôåüèª –≤—Ä–µ–º—è –≤—Å–ø–æ–º–Ω–∏—Ç—å –∏ –Ω–µ —É–ø—É—Å—Ç–∏—Ç—å —à–∞–Ω—Å!

biocad ‚Äî –≤–ª–∏–≤–∞–π—Å—è –≤ –∏–Ω–Ω–æ–≤–∞—Ü–∏–æ–Ω–Ω—É—é –∫–æ–º–∞–Ω–¥—É ‚Äî https://vk.cc/6pbgzv. 

data art ‚Äî –∏–∑—É—á–∞–µ–º, –≤—ã–±–∏—Ä–∞–µ–º, –ø–æ–¥–∞–µ–º –∑–∞—è–≤–∫–∏ –∑–¥–µ—Å—å ‚Äî https://vk.cc/9uplia.

coca-cola ‚Äî –ø—Ä–æ–≥—Ä–∞–º–º–∞ —É—Å–∫–æ—Ä–µ–Ω–Ω–æ–≥–æ —Ä–∞–∑–≤–∏—Ç–∏—è –Ω–∞ –ø—Ä–æ–∏–∑–≤–æ–¥—Å—Ç–≤–µ ‚Äî https://vk.cc/9xu3nt.

–≤–∫–æ–Ω—Ç–∞–∫—Ç–µ ‚Äî —Ä–∞–±–æ—Ç–∞–π –≤ –æ–¥–Ω–æ–º –∏–∑ —Å–∞–º—ã—Ö –∫—Ä—É—Ç—ã—Ö it-–ø—Ä–æ–µ–∫—Ç–æ–≤ —Ä–æ—Å—Å–∏–∏ ‚Äî vk.com/jobs.

selectel ‚Äî –∞–∫—Ç—É–∞–ª—å–Ω—ã–µ –≤–∞–∫–∞–Ω—Å–∏–∏ —Å–º–æ—Ç—Ä–µ—Ç—å –∑–¥–µ—Å—å ‚Äî https://vk.cc/9uo35j, —Ä–µ–∑—é–º–µ –ø—Ä–∏—Å—ã–ª–∞—Ç—å —Å—é–¥–∞ ‚Äîhr@selectel.ru.

p&g ‚Äî –≤–∞–∫–∞–Ω—Å–∏—è –Ω–∞ –ø—Ä–æ–∏–∑–≤–æ–¥—Å—Ç–≤–µ –≤ —Å–ø–± ‚Äî https://vk.cc/9dbvgu.

advert school ‚Äî —Ç—Ä—É–¥–æ—É—Å—Ç—Ä–æ–π—Å—Ç–≤–æ —á–µ—Ä–µ–∑ —Å—Ç–∞–∂–∏—Ä–æ–≤–∫—É –∏ –æ–±—É—á–µ–Ω–∏–µ ‚Äî https://vk.cc/9z7zsh.

air & soil ‚Äî –ø–æ–ø—Ä–æ–±—É–π —Å–∏–ª—ã –≤ —Ç–µ—Ö–Ω–æ–ª–æ–≥–∏—á–µ—Å–∫–æ–º —Å—Ç–∞—Ä—Ç–∞–ø–µ ‚Äî https://vk.cc/9z7ymr.

emergn ‚Äî –ø—Ä–æ–≥—Ä–∞–º–º—ã –¥–ª—è –≤—ã–ø—É—Å–∫–Ω–∏–∫–æ–≤ ‚Äî https://vk.cc/9vdp6w.

–≥–∞–∑–ø—Ä–æ–º ‚Äî —à–∞–Ω—Å –Ω–∞—á–∞—Ç—å —É—Å–ø–µ—à–Ω—É—é –∫–∞—Ä—å–µ—Ä—É —É —Ç–µ–±—è –≤ —Ä—É–∫–∞—Ö ‚Äî http://gpn-nastart.ru/.","['c', 'bi']"
"–µ–∂–µ–≥–æ–¥–Ω—ã–π hr –∫–µ–π—Å-—á–µ–º–ø–∏–æ–Ω–∞—Ç –≤ –∫–æ–º–ø–∞–Ω–∏–∏ –∞–Ω–∫–æ—Ä ‚Äî —ç—Ç–æ –æ—Ç–ª–∏—á–Ω–∞—è –≤–æ–∑–º–æ–∂–Ω–æ—Å—Ç—å: 

‚Ä¢–ø–æ–ø—Ä–æ–±–æ–≤–∞—Ç—å —Å–µ–±—è –≤ —Å—Ñ–µ—Ä–µ hr –∏ —Ä–µ—à–∏—Ç—å –∏–Ω—Ç–µ—Ä–µ—Å–Ω—ã–π –∫–µ–π—Å; 
‚Ä¢–ø–æ–ª—É—á–∏—Ç—å –ø–æ–ª–µ–∑–Ω—ã–µ –ø—Ä–∏–∑—ã –æ—Ç –∫–æ–º–ø–∞–Ω–∏–∏ –∏ –ø–æ–ø–∞—Å—Ç—å –Ω–∞ —Å—Ç–∞–∂–∏—Ä–æ–≤–∫—É –∏–ª–∏ —Ä–∞–±–æ—Ç—É; 
‚Ä¢–ø—Ä–æ—Å–ª–∞–≤–∏—Ç—å –≤—É–∑ –ø–æ–±–µ–¥–æ–π –Ω–∞ –æ–¥–Ω–æ–º –∏–∑ —Å–∞–º—ã—Ö –º–∞—Å—à—Ç–∞–±–Ω—ã—Ö —Å—Ç—É–¥–µ–Ω—á–µ—Å–∫–∏—Ö –º–µ—Ä–æ–ø—Ä–∏—è—Ç–∏–π –≤ —Å—Ñ–µ—Ä–µ hr! üòâ 

—Ä–µ–≥–∏—Å—Ç—Ä–∞—Ü–∏—è –∏ –ø–æ–¥—Ä–æ–±–Ω–∞—è –∏–Ω—Ñ–æ—Ä–º–∞—Ü–∏—è –ø–æ qr-–∫–æ–¥—É –∏–ª–∏ –≤ –∏–Ω—Å—Ç–∞–≥—Ä–∞–º (—Å–º–æ—Ç—Ä–∏–º –∫–∞—Ä—Ç–∏–Ω–∫—É –Ω–∏–∂–µ).",[]
"–Ω–∞–ø–æ–º–∏–Ω–∞–µ–º, —á—Ç–æ –µ—Å–ª–∏ —Ö–æ—á–µ—à—å —É—á–∏—Ç—å—Å—è –∑–∞ –≥—Ä–∞–Ω–∏—Ü–µ–π, —Ç–æ —Å–∫–æ—Ä–µ–µ —É—á–∞—Å—Ç–≤—É–π –≤ –∫–æ–Ω–∫—É—Ä—Å–µ –Ω–∞ —É—á–∞—Å—Ç–∏–µ –≤ –ø—Ä–æ–≥—Ä–∞–º–º–µ —Å–µ–º–µ—Å—Ç—Ä–æ–≤–æ–≥–æ –æ–±–º–µ–Ω–∞!
 
–¥–µ–¥–ª–∞–π–Ω –ø—Ä–∏–µ–º–∞ –∑–∞—è–≤–æ–∫: 22 —Å–µ–Ω—Ç—è–±—Ä—è (–≤–∫–ª—é—á–∏—Ç–µ–ª—å–Ω–æ). 
 
–ø–æ–¥—Ä–æ–±–Ω—ã–π –≥–∏–¥ –∏ –±–æ–ª—å—à–µ –∏–Ω—Ñ–æ—Ä–º–∞—Ü–∏–∏ ‚Äî https://vk.cc/9nrfqi –∏ [club170961088|itmo student exchange]",['c']
"#–∏—Ç–º–æ–≤–∞–∫–∞–Ω—Å–∏—è #–∏—Ç–º–æ—Å—Ç–∞–∂–∏—Ä–æ–≤–∫–∞
‚Äº–ø–æ–∑–∏—Ü–∏—è, –∫–æ—Ç–æ—Ä—É—é –≤—ã –º–æ–∂–µ—Ç–µ –ø–µ—Ä–µ–∑–∞—á–µ—Å—Ç—å –∫–∞–∫ –ø—Ä–∞–∫—Ç–∏–∫—É‚Äº

–º–æ–ª–æ–¥–∞—è –∏ —ç–Ω–µ—Ä–≥–∏—á–Ω–∞—è –∫–æ–º–∞–Ω–¥–∞ iq consultancy –∂–¥–µ—Ç —Å—Ç—É–¥–µ–Ω—Ç–∞ –ø–æ—Å–ª–µ–¥–Ω–∏—Ö –∫—É—Ä—Å–æ–≤ –æ–±—É—á–µ–Ω–∏—è/–≤—ã–ø—É—Å–∫–Ω–∏–∫–∞ –Ω–∞ –ø–æ–∑–∏—Ü–∏—é —Å–∏—Å—Ç–µ–º–Ω–æ–≥–æ –∞–¥–º–∏–Ω–∏—Å—Ç—Ä–∞—Ç–æ—Ä–∞ (—ç–Ω–∏–∫–µ–π—â–∏–∫–∞). –æ—Å–Ω–æ–≤–Ω–æ–µ –Ω–∞–ø—Ä–∞–≤–ª–µ–Ω–∏–µ —Ä–∞–±–æ—Ç—ã –∫–æ–º–ø–∞–Ω–∏–∏ iq consultancy ‚Äî –æ–±—É—á–µ–Ω–∏–µ –∑–∞ —Ä—É–±–µ–∂–æ–º. –ø–æ–¥—Ä–æ–±–Ω–µ–µ –∑–Ω–∞–∫–æ–º–∏–º—Å—è –ø–æ —Å—Å—ã–ª–∫–µ ‚Äî https://vk.cc/8br0le.

–≤ —Ö–æ–¥–µ —Ä–∞–±–æ—Ç—ã –≤—ã –ø–æ–∑–Ω–∞–∫–æ–º–∏—Ç–µ—Å—å —Å –∞gile –º–µ—Ç–æ–¥–æ–ª–æ–≥–∏–µ–π –∏ —Ä–∞–±–æ—Ç–æ–π –≤ –∫–æ–º–∞–Ω–¥–µ, —Å —Ç–∞–∫–∏–º–∏ —Å–∏—Å—Ç–µ–º–∞–º–∏ –∫–∞–∫ trello, bitrix24, moodle, bitrix framework, asterisk, crm –∏ –¥—Ä. 
 
–æ—Å–Ω–æ–≤–Ω—ã–µ –æ–±—è–∑–∞–Ω–Ω–æ—Å—Ç–∏: 
- –ø–æ–º–æ—â—å –ø–æ–ª—å–∑–æ–≤–∞—Ç–µ–ª—è–º (–Ω–∞—à–∏–º —Å–æ—Ç—Ä—É–¥–Ω–∏–∫–∞–º) 
- –≤—ã–∫–ª–∞–¥–∫–∞ –∫–æ–Ω—Ç–µ–Ω—Ç–∞ –Ω–∞ —Å–∞–π—Ç—ã –∫–æ–º–ø–∞–Ω–∏–∏ 
 
–ø–µ—Ä–≤–æ–Ω–∞—á–∞–ª—å–Ω—ã–µ –≤—Ö–æ–¥–Ω—ã–µ —Ç—Ä–µ–±–æ–≤–∞–Ω–∏—è:
- –∑–Ω–∞–Ω–∏–µ html / css
- —É–≤–µ—Ä–µ–Ω–Ω–æ–µ –ø–æ–ª—å–∑–æ–≤–∞–Ω–∏–µ windows
- –≥—Ä–∞–º–æ—Ç–Ω–∞—è —Ä–µ—á—å
- —Ç–∞–∫—Ç–∏—á–Ω–æ—Å—Ç—å
- –∂–µ–ª–∞–Ω–∏–µ —É—á–∏—Ç—å—Å—è.

–ø–µ—Ä–≤–æ–Ω–∞—á–∞–ª—å–Ω–æ –≥—Ä–∞—Ñ–∏–∫ –ø–ª–∞–≤–∞—é—â–∏–π (30 —á–∞—Å–æ–≤), —á—Ç–æ –¥–∞–µ—Ç –≤–æ–∑–º–æ–∂–Ω–æ—Å—Ç—å —Å–æ–≤–º–µ—â–∞—Ç—å —Å —É—á–µ–±–æ–π. –≤ —Ö–æ–¥–µ —Ä–∞–±–æ—Ç—ã –≤ –∫–æ–º–ø–∞–Ω–∏–∏ –≤—ã –ø—Ä–æ—Ö–æ–¥–∏—Ç–µ –æ–±—É—á–µ–Ω–∏–µ, –∏ –ø—Ä–∏ —É—Å–ø–µ—à–Ω–æ–º –∑–∞–≤–µ—Ä—à–µ–Ω–∏–∏ –∏—Å–ø—ã—Ç–∞—Ç–µ–ª—å–Ω–æ–≥–æ —Å—Ä–æ–∫–∞ –≤–∞—Å —Ç—Ä—É–¥–æ—É—Å—Ç—Ä–∞–∏–≤–∞—é—Ç –Ω–∞ –ø–æ–ª–Ω—É—é —Å—Ç–∞–≤–∫—É üôåüèª 

—Å –≤–∞–∫–∞–Ω—Å–∏–µ–π –≤—ã —Ç–∞–∫–∂–µ –º–æ–∂–µ—Ç–µ –æ–∑–Ω–∞–∫–æ–º–∏—Ç—å—Å—è –Ω–∞ –Ω–∞—à–µ–º —Å–∞–π—Ç–µ ‚Äî https://vk.cc/9ygfws
—Ä–µ–∑—é–º–µ –ø—Ä–∏—Å—ã–ª–∞–π—Ç–µ –Ω–∞ –ø–æ—á—Ç—É kk@iqmail.me –∏–ª–∏ –ø–æ —Å—Å—ã–ª–∫–µ –Ω–∞ –æ–ø–∏—Å–∞–Ω–∏–µ –≤–∞–∫–∞–Ω—Å–∏–∏.","['c', 'bi']"
"#–∏—Ç–º–æ—Å—Ç–∞–∂–∏—Ä–æ–≤–∫–∞ 
#–∏—Ç–º–æ–≤–∞–∫–∞–Ω—Å–∏—è

–∫–æ–º–ø–∞–Ω–∏—è selectel –≤ –ø–æ–∏—Å–∫–µ...

üöÄ–ø—Ä–∞–∫—Ç–∏–∫–∞–Ω—Ç–∞ –≤ –æ—Ç–¥–µ–ª –æ—Ñ–∏—Å–Ω–æ–≥–æ –∞–¥–º–∏–Ω–∏—Å—Ç—Ä–∏—Ä–æ–≤–∞–Ω–∏—è - https://vk.cc/9kwsmg.

üöÄ–ø—Ä–∞–∫—Ç–∏–∫–∞–Ω—Ç–∞ –≤ –∏–Ω–∂–µ–Ω–µ—Ä–Ω–æ-—Ç–µ—Ö–Ω–∏—á–µ—Å–∫–∏–π –æ—Ç–¥–µ–ª - https://vk.cc/9kwtfd.

üöÄ–ø—Ä–∞–∫—Ç–∏–∫–∞–Ω—Ç–∞ –ø–æ –∞–¥–º–∏–Ω–∏—Å—Ç—Ä–∏—Ä–æ–≤–∞–Ω–∏—é —Å–µ—Ä–≤–∏—Å–æ–≤ - https://vk.cc/9kwtm7.

üöÄ–ø—Ä–∞–∫—Ç–∏–∫–∞–Ω—Ç–∞ –ø–æ –∏–Ω—Ñ–æ—Ä–º–∞—Ü–∏–æ–Ω–Ω–æ–π –±–µ–∑–æ–ø–∞—Å–Ω–æ—Å—Ç–∏ - https://vk.cc/9kwu4v.

üöÄ—Å–ø–µ—Ü–∏–∞–ª–∏—Å—Ç–∞ –æ—Ç–¥–µ–ª–∞ —Ç–µ—Ö–Ω–∏—á–µ—Å–∫–æ–π –ø–æ–¥–¥–µ—Ä–∂–∫–∏ - https://vk.cc/9kwudm.

üöÄ—Å–∏—Å—Ç–µ–º–Ω–æ–≥–æ –∞–¥–º–∏–Ω–∏—Å—Ç—Ä–∞—Ç–æ—Ä–∞ dns –æ—Ç–¥–µ–ª–∞ openstack - https://vk.cc/9kwuys.

üöÄ–ø—Ä–æ–µ–∫—Ç–∏—Ä–æ–≤—â–∏–∫–∞ –∏–Ω—Ç–µ—Ä—Ñ–µ–π—Å–æ–≤ - https://vk.cc/9kwvks.

üöÄ–¥–∞—Ç–∞-–∞–Ω–∞–ª–∏—Ç–∏–∫–∞ - https://vk.cc/9kwvyt.

üöÄjunior frontend-—Ä–∞–∑—Ä–∞–±–æ—Ç—á–∏–∫–∞ - https://vk.cc/9kwwgt.

—É—Å–ø–µ—Ö–æ–≤ üôåüèª","['c', 'frontend', '–∞–Ω–∞–ª–∏—Ç–∏–∫', '—Ä–∞–∑—Ä–∞–±–æ—Ç—á–∏–∫', '–∏–Ω–∂–µ–Ω–µ—Ä']"
"–º–µ–∂–¥—É–Ω–∞—Ä–æ–¥–Ω—ã–π –∏–Ω—Ç–µ–≥—Ä–∞—Ç–æ—Ä –∏—Ç-—Ä–µ—à–µ–Ω–∏–π [club22833342|–ø–µ—Ä–≤—ã–π –±–∏—Ç] –ø—Ä–∏–≥–ª–∞—à–∞–µ—Ç –≤—ã–ø—É—Å–∫–Ω–∏–∫–æ–≤ 2019 –≥–æ–¥–∞ –Ω–∞ —Å—Ç–∞–∂–∏—Ä–æ–≤–∫—É! #–∏—Ç–º–æ—Å—Ç–∞–∂–∏—Ä–æ–≤–∫–∞ 

–≤ —Ä–∞–º–∫–∞—Ö –ª–µ—Ç–Ω–µ–π —à–∫–æ–ª—ã 1—Å –≤—ã —Å–º–æ–∂–µ—Ç–µ –ø—Ä–æ–π—Ç–∏ –ø–æ–ª–Ω–æ—Ü–µ–Ω–Ω–æ–µ –æ–±—É—á–µ–Ω–∏–µ –≤ –≥—Ä—É–ø–ø–µ –µ–¥–∏–Ω–æ–º—ã—à–ª–µ–Ω–Ω–∏–∫–æ–≤, —Ä–µ—à–∏—Ç—å —Å–≤–æ–∏ –ø–µ—Ä–≤—ã–µ –∑–∞–¥–∞—á–∏ —Å –Ω–∞—Å—Ç–∞–≤–Ω–∏–∫–æ–º —É—Ä–æ–≤–Ω—è —ç–∫—Å–ø–µ—Ä—Ç 1—Å, –ø–æ–≤–µ—Ä–∏—Ç—å –∑–Ω–∞–Ω–∏—è, –ø—Ä–æ–π–¥—è –æ—Ñ–∏—Ü–∏–∞–ª—å–Ω—É—é —Å–µ—Ä—Ç–∏—Ñ–∏–∫–∞—Ü–∏—é 1—Å. 

–ø—Ä–æ–¥–æ–ª–∂–∏—Ç–µ–ª—å–Ω–æ—Å—Ç—å –æ–±—É—á–µ–Ω–∏—è ‚Äî 3 –Ω–µ–¥–µ–ª–∏.
–≥—Ä—É–ø–ø—ã –ø–æ 6-8 —á–µ–ª–æ–≤–µ–∫.
–æ—Å–Ω–æ–≤–Ω—ã–µ –ø—Ä–µ–¥–º–µ—Ç—ã ‚Äî –∞–¥–º–∏–Ω–∏—Å—Ç—Ä–∏—Ä–æ–≤–∞–Ω–∏–µ –∏ –ø—Ä–æ–≥—Ä–∞–º–º–∏—Ä–æ–≤–∞–Ω–∏–µ –≤ —Å—Ä–µ–¥–µ 1—Å.
–Ω–∞—á–∞–ª–æ –∫—É—Ä—Å–∞ ‚Äî 1.07.2019.
 
—É—Å–ø–µ—à–Ω–æ–µ –æ–∫–æ–Ω—á–∞–Ω–∏–µ –∫—É—Ä—Å–∞ ‚Äî –≤–æ–∑–º–æ–∂–Ω–æ—Å—Ç—å –¥–∞–ª—å–Ω–µ–π—à–µ–≥–æ —Ç—Ä—É–¥–æ—É—Å—Ç—Ä–æ–π—Å—Ç–≤–∞ –≤ –∫–æ–º–ø–∞–Ω–∏—é [club22833342|–ø–µ—Ä–≤—ã–π –±–∏—Ç], 
–Ω–∞—á–∞–ª–æ –∫—É—Ä—Å–∞ - 01 –∏—é–ª—è 2019 –≥–æ–¥–∞. 
 
–¥–ª—è –∑–∞–ø–∏—Å–∏ –æ—Ç–ø—Ä–∞–≤—å—Ç–µ —Å–æ–æ–±—â–µ–Ω–∏–µ –≤ telegram –∏–ª–∏ whatsapp +7 921 885 25 58.",['c']
"—Ä–µ–∫—Å–æ—Ñ—Ç ‚Äî –æ–¥–Ω–∞ –∏–∑ –≤–µ–¥—É—â–∏—Ö —Ä–æ—Å—Å–∏–π—Å–∫–∏—Ö it –∫–æ–º–ø–∞–Ω–∏–π –∑–∞–ø—É—Å–∫–∞–µ—Ç –±–µ—Å–ø–ª–∞—Ç–Ω—ã–π 2 –º–µ—Å—è—á–Ω—ã–π –∫—É—Ä—Å –¥–ª—è –æ–±—É—á–µ–Ω–∏—è —Ñ—É–Ω–∫—Ü–∏–æ–Ω–∞–ª—å–Ω–æ–º—É —è–∑—ã–∫—É –ø—Ä–æ–≥—Ä–∞–º–º–∏—Ä–æ–≤–∞–Ω–∏—è erlang –∏ –¥–∞–ª—å–Ω–µ–π—à–µ–≥–æ –æ—Ç–±–æ—Ä–∞ –∏–Ω–∂–µ–Ω–µ—Ä–æ–≤-—Å—Ç–∞–∂–µ—Ä–æ–≤ –Ω–∞ –¥–µ–π—Å—Ç–≤—É—é—â–∏–π –º–µ–∂–¥—É–Ω–∞—Ä–æ–¥–Ω—ã–π –ø—Ä–æ–µ–∫—Ç. 

–∫ —É—á–∞—Å—Ç–∏—é –∏ –æ–±—É—á–µ–Ω–∏—é –ø—Ä–∏–≥–ª–∞—à–∞—é—Ç—Å—è —Å—Ç—É–¥–µ–Ω—Ç—ã –≤—ã–ø—É—Å–∫–Ω—ã—Ö –∫—É—Ä—Å–æ–≤ –∏ –Ω–µ–¥–∞–≤–Ω–∏–µ –≤—ã–ø—É—Å–∫–Ω–∏–∫–∏.

p.s. –≤ —Ç–µ—á–µ–Ω–∏–µ –æ–±—É—á–µ–Ω–∏—è –≤—ã –±—É–¥–µ—Ç–µ —Ä–∞–±–æ—Ç–∞—Ç—å –Ω–∞–¥ –∏–Ω–¥–∏–≤–∏–¥—É–∞–ª—å–Ω—ã–º –ø—Ä–æ–µ–∫—Ç–æ–º, —Ç.–µ. —Ä–µ–∑—É–ª—å—Ç–∞—Ç –æ–±—É—á–µ–Ω–∏—è –≤ —à–∫–æ–ª–µ –≤—ã —Å–º–æ–∂–µ—Ç–µ –¥–æ–±–∞–≤–∏—Ç—å –≤ —Ä–µ–∑—é–º–µ, –∞ —Ç–∞–∫–∂–µ –ø–µ—Ä–µ–∑–∞—á–µ—Å—Ç—å –ø—Ä–∞–∫—Ç–∏–∫—É –±—É–¥—É—â–µ–≥–æ —Å–µ–º–µ—Å—Ç—Ä–∞.

–ø–æ–¥—Ä–æ–±–Ω–µ–µ –Ω–∞ —Å–∞–π—Ç–µ ‚Äî https://vk.cc/9pfqjv.",['–∏–Ω–∂–µ–Ω–µ—Ä']
"#–∏—Ç–º–æ—Å—Ç–∞–∂–∏—Ä–æ–≤–∫–∞ –≤ torrow technologies (http://torrowtech.com) –ø–æ –Ω–∞–ø—Ä–∞–≤–ª–µ–Ω–∏—è–º:
 
- —Ä–∞–∑—Ä–∞–±–æ—Ç—á–∏–∫ –ø—Ä–æ–≥—Ä–∞–º–º–Ω–æ–≥–æ –æ–±–µ—Å–ø–µ—á–µ–Ω–∏—è (frontend –∏ backend) 
- –∞–Ω–∞–ª–∏—Ç–∏–∫ –ø—Ä–æ–≥—Ä–∞–º–º–Ω–æ–≥–æ –æ–±–µ—Å–ø–µ—á–µ–Ω–∏—è 
- –∏–Ω–∂–µ–Ω–µ—Ä –∞–≤—Ç–æ–º–∞—Ç–∏–∑–∞—Ü–∏–∏ —Ç–µ—Å—Ç–∏—Ä–æ–≤–∞–Ω–∏—è 
- devops –∏–Ω–∂–µ–Ω–µ—Ä 
 
–∏–Ω—Ç–µ—Ä–µ—Å–Ω–æ? –¥–ª—è –ª–∏—á–Ω–æ–≥–æ –∑–Ω–∞–∫–æ–º—Ç—Å–≤–∞ —Å –∫–æ–º–ø–∞–Ω–∏–µ–π –ø—Ä–∏—Ö–æ–¥–∏—Ç–µ –Ω–∞ –≤—Å—Ç—Ä–µ—á—É 16 –æ–∫—Ç—è–±—Ä—è (—Å—Ä–µ–¥–∞) –∏ 17 –æ–∫—Ç—è–±—Ä—è (—á–µ—Ç–≤–µ—Ä–≥) –≤ 18:00. 

—Å—Ç–∞—Ä—Ç –Ω–æ–≤–æ–π –≥—Ä—É–ø–ø—ã –æ–±—É—á–µ–Ω–∏—è ‚Äî 29 –æ–∫—Ç—è–±—Ä—è. 
–ø—Ä–æ–≥—Ä–∞–º–º–∞ –¥–æ—Å—Ç—É–ø–Ω–∞ –Ω–∞ —Å–∞–π—Ç–µ ‚Äî https://vk.cc/92anol
 
—Ä–µ–∑—é–º–µ –∏ –≤–æ–ø—Ä–æ—Å—ã –ø–æ —Å—Ç–∞–∂–∏—Ä–æ–≤–∫–µ –Ω–∞–ø—Ä–∞–≤–ª—è–π—Ç–µ –Ω–∞ –∞–¥—Ä–µ—Å —ç–ª–µ–∫—Ç—Ä–æ–Ω–Ω–æ–π –ø–æ—á—Ç—ã hr@torrowtech.com.","['c', 'frontend', 'backend', '–∞–Ω–∞–ª–∏—Ç–∏–∫', '—Ç–µ—Å—Ç–∏—Ä–æ–≤–∞–Ω–∏–µ', '—Ä–∞–∑—Ä–∞–±–æ—Ç—á–∏–∫', '–∏–Ω–∂–µ–Ω–µ—Ä']"
"#–∏–Ω—Ñ–æ—Ç–µ–∫—Å –∑–∞–ø—É—Å–∫–∞–µ—Ç –Ω–∞–±–æ—Ä –Ω–∞ –æ–ø–ª–∞—á–∏–≤–∞–µ–º—É—é #—Å—Ç–∞–∂–∏—Ä–æ–≤–∫—É. –µ—Å–ª–∏ —Ç—ã —Å—Ç—É–¥–µ–Ω—Ç –∏ —Ö–æ—á–µ—à—å –ø–æ–ª—É—á–∏—Ç—å –æ–ø—ã—Ç –ø—Ä–æ—Ñ–µ—Å—Å–∏–æ–Ω–∞–ª—å–Ω–æ–π –∫–æ–º–º–µ—Ä—á–µ—Å–∫–æ–π —Ä–∞–∑—Ä–∞–±–æ—Ç–∫–∏ –≤ –æ–¥–Ω–æ–π –∏–∑ —Ç–æ–ø–æ–≤—ã—Ö –∫–æ–º–ø–∞–Ω–∏–π –≤ –æ–±–ª–∞—Å—Ç–∏ –∑–∞—â–∏—Ç—ã –∏–Ω—Ñ–æ—Ä–º–∞—Ü–∏–∏, —Ç–æ —Å–∫–æ—Ä–µ–µ –∑–∞–ø–æ–ª–Ω—è–π –∞–Ω–∫–µ—Ç—É!

—É–∂–µ –≤ –Ω–∞—á–∞–ª–µ –≤–µ—Å–Ω—ã —É —Ç–µ–±—è –±—É–¥–µ—Ç –≤–æ–∑–º–æ–∂–Ω–æ—Å—Ç—å –ø—Ä–∏—Å–æ–µ–¥–∏–Ω–∏—Ç—å—Å—è –∫ –∫–æ–º–∞–Ω–¥–µ –∏–Ω—Ñ–æ—Ç–µ–∫—Å. –≤ —Ç–µ—á–µ–Ω–∏–∏ 4 –º–µ—Å—è—Ü–µ–≤ —Ç—ã –ø—Ä–æ–∫–∞—á–∞–µ—à—å —Å–≤–æ–∏ —Å–∫–∏–ª–ª—ã –±–µ–∑ –æ—Ç—Ä—ã–≤–∞ –æ—Ç —É—á—ë–±—ã —Å –≤–æ–∑–º–æ–∂–Ω–æ—Å—Ç—å—é –¥–∞–ª—å–Ω–µ–π—à–µ–≥–æ —Ç—Ä—É–¥–æ—É—Å—Ç—Ä–æ–π—Å—Ç–≤–∞ –≤ –∫–æ–º–ø–∞–Ω–∏—é.

–Ω–∞–ø—Ä–∞–≤–ª–µ–Ω–∏—è —Å—Ç–∞–∂–∏—Ä–æ–≤–∫–∏:
—Å–∞–Ω–∫—Ç-–ø–µ—Ç–µ—Ä–±—É—Ä–≥ ‚Äî c, c++, —Å#, python, —Ä–∞–∑—Ä–∞–±–æ—Ç—á–∏–∫-–∏—Å—Å–ª–µ–¥–æ–≤–∞—Ç–µ–ª—å (c, linux), devops (build –∏–Ω–∂–µ–Ω–µ—Ä), —Å–∏—Å—Ç–µ–º–Ω—ã–π –∞–Ω–∞–ª–∏—Ç–∏–∫;
—Ç–æ–º—Å–∫ ‚Äî —Å, c++, —Å#, python, ios —Ä–∞–∑—Ä–∞–±–æ—Ç—á–∏–∫, —Ä–∞–∑—Ä–∞–±–æ—Ç—á–∏–∫-–∏—Å—Å–ª–µ–¥–æ–≤–∞—Ç–µ–ª—å (c, linux), —Ä—É—á–Ω–æ–µ —Ç–µ—Å—Ç–∏—Ä–æ–≤–∞–Ω–∏–µ, devops (build –∏–Ω–∂–µ–Ω–µ—Ä), —Å–∏—Å—Ç–µ–º–Ω—ã–π –∞–Ω–∞–ª–∏—Ç–∏–∫;
—É—Ñ–∞ ‚Äî —Å, —Ä–∞–∑—Ä–∞–±–æ—Ç—á–∏–∫-–∏—Å—Å–ª–µ–¥–æ–≤–∞—Ç–µ–ª—å (c, linux), —Ä—É—á–Ω–æ–µ —Ç–µ—Å—Ç–∏—Ä–æ–≤–∞–Ω–∏–µ, devops (build –∏–Ω–∂–µ–Ω–µ—Ä), —Å–∏—Å—Ç–µ–º–Ω—ã–π –∞–Ω–∞–ª–∏—Ç–∏–∫.

–Ω–µ —É–ø—É—Å—Ç–∏ —Å–≤–æ–π —à–∞–Ω—Å –∏ –∑–∞–ø–æ–ª–Ω–∏ –∞–Ω–∫–µ—Ç—É: https://vk.com/@infotecs_hr-stazhirovka-v-infoteks

–∑–∞—è–≤–∫–∏ –ø—Ä–∏–Ω–∏–º–∞—é—Ç—Å—è –¥–æ 10 —Ñ–µ–≤—Ä–∞–ª—è.","['c', 'python', 'linux', '–∞–Ω–∞–ª–∏—Ç–∏–∫', '—Ç–µ—Å—Ç–∏—Ä–æ–≤–∞–Ω–∏–µ', '—Ä–∞–∑—Ä–∞–±–æ—Ç–∫–∞', '—Ä–∞–∑—Ä–∞–±–æ—Ç—á–∏–∫', '–∏–Ω–∂–µ–Ω–µ—Ä']"
"#–∏—Ç–º–æ—Å—Ç–∞–∂–∏—Ä–æ–≤–∫–∞ –æ—Ç –∫–æ–º–ø–∞–Ω–∏–∏ ¬´–≥–∞–∑–ø—Ä–æ–º –Ω–µ—Ñ—Ç—å¬ªüï∫

–º–∞–≥–∏—Å—Ç—Ä–∞–Ω—Ç—ã 2-–≥–æ –∫—É—Ä—Å–∞ –∏ –±–∞–∫–∞–ª–∞–≤—Ä—ã 4-–≥–æ –∫—É—Ä—Å–∞.
–Ω–∞–ø—Ä–∞–≤–ª–µ–Ω–∏—è –æ–±—É—á–µ–Ω–∏—è: —ç–∫–æ–Ω–æ–º–∏–∫–∞, —Ñ–∏–Ω–∞–Ω—Å—ã, –±–∏–∑–Ω–µ—Å-–∏–Ω—Ñ–æ—Ä–º–∞—Ç–∏–∫–∞, –∏–Ω—Ñ–æ—Ä–º–∞—Ü–∏–æ–Ω–Ω—ã–µ —Ç–µ—Ö–Ω–æ–ª–æ–≥–∏–∏.

–≤—Å–µ –ø—Ä–∞–≤–∏–ª–∞ –ø–æ–¥–∞—á–∏ –Ω–∞ —Å—Ç–∞–∂–∏—Ä–æ–≤–∫—É - –≤ –¥–æ–∫—É–º–µ–Ω—Ç–µ, –ø—Ä–∏–ª–æ–∂–µ–Ω–Ω–æ–º –∫ –ø–æ—Å—Ç—É.

—Å—Ä–æ–∫–∏ –ø–æ–¥–∞—á–∏ –∑–∞—è–≤–∫–∏ –Ω–∞ —Å—Ç–∞–∂–∏—Ä–æ–≤–∫—É - –¥–æ 10 –º–∞—Ä—Ç–∞.
–æ–∫–æ–Ω—á–∞—Ç–µ–ª—å–Ω—ã–π –æ—Ç–±–æ—Ä –∏ —Ä–µ–∑—É–ª—å—Ç–∞—Ç—ã - 25 –º–∞—Ä—Ç–∞.

–Ω–µ —É–ø—É—Å–∫–∞–π—Ç–µ —à–∞–Ω—Å, —Ä–µ–±—è—Ç–∞!",[]
"–≤–µ—á–µ—Ä-–≤–µ—á–µ—Ä–æ–∫, –∞ –∑–Ω–∞—á–∏—Ç –ø—Ä–∏—à–ª–æ –≤—Ä–µ–º—è –¥–ª—è #–∏—Ç–º–æ—Å—Ç–∞–∂–∏—Ä–æ–≤–∫–∞ üöÄ

—á—Ç–æ —Ç–µ–±—è –∂–¥–µ—Ç –Ω–∞ —Å—Ç–∞–∂–∏—Ä–æ–≤–∫–µ –≤ biocad?

‚àô –∫–æ–º—Ñ–æ—Ä—Ç–Ω—ã–π –æ—Ñ–∏—Å; 
‚àô –≤—ã—Å–æ–∫–∏–π —Ç–µ–º–ø —Ä–∞–±–æ—Ç—ã –∏ –º–Ω–æ–∂–µ—Å—Ç–≤–æ –∏–Ω—Ç–µ—Ä–µ—Å–Ω—ã—Ö –ø—Ä–æ–µ–∫—Ç–æ–≤; 
‚àô –Ω–∞—Å—Ç–∞–≤–Ω–∏–∫–∏ ‚Äî –ª—É—á—à–∏–µ —ç–∫—Å–ø–µ—Ä—Ç—ã –æ—Ç—Ä–∞—Å–ª–∏; 
‚àô —Ä–∞–±–æ—Ç–∞ –≤ –Ω–µ–±–æ–ª—å—à–∏—Ö –∫–æ–º–∞–Ω–¥–∞—Ö –ø–æ–¥ —Ä—É–∫–æ–≤–æ–¥—Å—Ç–≤–æ–º –Ω–∞—Å—Ç–∞–≤–Ω–∏–∫–∞; 
‚àô –≤–æ–∑–º–æ–∂–Ω–æ—Å—Ç—å –¥–∞–ª—å–Ω–µ–π—à–µ–≥–æ —Ä–æ—Å—Ç–∞ –∏ —Ä–∞–∑–≤–∏—Ç–∏—è –≤ –∫–æ–º–ø–∞–Ω–∏–∏ –ø—Ä–∏ —É—Å–ø–µ—à–Ω–æ–º –ø—Ä–æ—Ö–æ–∂–¥–µ–Ω–∏–∏ —Å—Ç–∞–∂–∏—Ä–æ–≤–∫–∏. 
 
—Å—Ä–æ–∫: –æ—Ç 1 –¥–æ 3 –º–µ—Å—è—Ü–µ–≤ –≤ –ª–µ—Ç–Ω–∏–µ –º–µ—Å—è—Ü—ã (–∏—é–Ω—å-–∞–≤–≥—É—Å—Ç)
—Å—Ç–∏–ø–µ–Ω–¥–∏—è: 15 000 —Ä—É–±. –≤ –º–µ—Å—è—Ü 
 
—ç—Ç–∞–ø—ã –æ—Ç–±–æ—Ä–∞: 
‚àô –∑–∞–ø–æ–ª–Ω–µ–Ω–∏–µ —Ä–µ–∑—é–º–µ; 
‚àô online —Ç–µ—Å—Ç–∏—Ä–æ–≤–∞–Ω–∏–µ; 
‚àô –∑–∞–¥–∞–Ω–∏–µ –æ—Ç —Ä—É–∫–æ–≤–æ–¥–∏—Ç–µ–ª—è; 
‚àô —Å–æ–±–µ—Å–µ–¥–æ–≤–∞–Ω–∏–µ. 
 
–∑–∞—è–≤–∫–∏ –ø—Ä–∏–Ω–∏–º–∞—é—Ç—Å—è –¥–æ 21 –∞–ø—Ä–µ–ª—è –Ω–∞ —Å–∞–π—Ç–µ: https://vk.cc/9fxvhh üöÄ
–Ω–∞–ø—Ä–∞–≤–ª–µ–Ω–∏—è —Å—Ç–∞–∂–∏—Ä–æ–≤–∫–∏ –ø–µ—Ä–µ—á–∏—Å–ª–µ–Ω—ã –Ω–∞ –∫–∞—Ä—Ç–∏–Ω–∫–µ üëáüèª

–≤–æ–∑–º–æ–∂–Ω–æ, —ç—Ç–æ –≤–∞—à —à–∞–Ω—Å –ø—Ä–æ–≤–µ—Å—Ç–∏ –ª–µ—Ç–æ —Å –ø–æ–ª—å–∑–æ–π –¥–ª—è –±—É–¥—É—â–µ–π –∫–∞—Ä—å–µ—Ä—ã!","['c', 'bi', '—Ç–µ—Å—Ç–∏—Ä–æ–≤–∞–Ω–∏–µ']"
"¬´be a name, not a number!¬ª ‚Äî –¥–µ–≤–∏–∑ –∫–æ–º–ø–∞–Ω–∏–∏ [club29490996|emergn], —É—á–∞—Å—Ç–Ω–∏–∫–∞ speed dating job interview 25 –∞–ø—Ä–µ–ª—è. 
–∫–æ–º–ø–∞–Ω–∏—è —Å–ø–µ—Ü–∏–∞–ª–∏–∑–∏—Ä—É–µ—Ç—Å—è –Ω–∞ —Ä–∞–∑—Ä–∞–±–æ—Ç–∫–µ –ø—Ä–æ–≥—Ä–∞–º–º–Ω—ã—Ö —Ä–µ—à–µ–Ω–∏–π –º–∏—Ä–æ–≤–æ–≥–æ —É—Ä–æ–≤–Ω—è, –∫–æ–Ω—Å–∞–ª—Ç–∏–Ω–≥–µ –∏ –∫–æ—É—á–∏–Ω–≥–µ. 
–æ—Ñ–∏—Å—ã emergn —Ä–∞—Å–ø–æ–ª–æ–∂–µ–Ω—ã –≤ —Å—à–∞, –∏—Ä–ª–∞–Ω–¥–∏–∏, –≤–µ–ª–∏–∫–æ–±—Ä–∏—Ç–∞–Ω–∏–∏, –ª–∞—Ç–≤–∏–∏, —Ä–æ—Å—Å–∏–∏ –∏ —É–∫—Ä–∞–∏–Ω–µ. —Ü–µ–Ω—Ç—Ä—ã —Ä–∞–∑—Ä–∞–±–æ—Ç–∫–∏ –ø—Ä–æ–≥—Ä–∞–º–º–Ω—ã—Ö –ø—Ä–æ–¥—É–∫—Ç–æ–≤ —Å–æ—Å—Ä–µ–¥–æ—Ç–æ—á–µ–Ω—ã –≤ —Ä–æ—Å—Å–∏–∏, –ª–∞—Ç–≤–∏–∏ –∏ —É–∫—Ä–∞–∏–Ω–µ. 

–≤ –Ω–∞—Å—Ç–æ—è—â–∏–π –º–æ–º–µ–Ω—Ç –≤ emergn –∏–¥–µ—Ç –æ—Ç–±–æ—Ä –Ω–∞ –ª–µ—Ç–Ω—é—é —Å—Ç–∞–∂–∏—Ä–æ–≤–∫—É –¥–ª—è —Å—Ç—É–¥–µ–Ω—Ç–æ–≤ 2-3 –∫—É—Ä—Å–æ–≤ –∏—Ç-—Å–ø–µ—Ü–∏–∞–ª—å–Ω–æ—Å—Ç–µ–π. –Ω–∞ –ø—Ä–∞–∫—Ç–∏–∫–µ –∑–∞ 3 –Ω–µ–¥–µ–ª–∏ –≤—ã —Ä–∞–∑—Ä–∞–±–æ—Ç–∞–µ—Ç–µ –≥–∏–±—Ä–∏–¥–Ω–æ–µ –º–æ–±–∏–ª—å–Ω–æ–µ –ø—Ä–∏–ª–æ–∂–µ–Ω–∏–µ –¥–ª—è —Ä–µ—à–µ–Ω–∏—è —Ç–µ—Ö–Ω–∏—á–µ—Å–∫–∏—Ö –∑–∞–¥–∞—á —Ä–∞–∑–Ω–æ–≥–æ —É—Ä–æ–≤–Ω—è –≤ —Ñ–æ—Ä–º–∞—Ç–µ –∫–≤–∏–∑–∞ –ø—Ä–∏ –ø–æ–º–æ—â–∏ —Ç–µ—Ö–Ω–æ–ª–æ–≥–∏–π java, springboot, rest api, angular, typescript –∏ ionic framework. 
 —Ç–µ—Ö, –∫—Ç–æ —É—Å–ø–µ—à–Ω–æ –ø—Ä–æ–π–¥–µ—Ç —Å—Ç–∞–∂–∏—Ä–æ–≤–∫—É, –∂–¥—É—Ç —Ä–µ–∫–æ–º–µ–Ω–¥–∞—Ç–µ–ª—å–Ω—ã–µ –ø–∏—Å—å–º–∞, –ø–æ–¥–∞—Ä–∫–∏ –æ—Ç –∫–æ–º–ø–∞–Ω–∏–∏ –∏ –ø—Ä–∏–≥–ª–∞—à–µ–Ω–∏–µ –Ω–∞ —Ä–∞–±–æ—Ç—É üí•

–ø–æ–¥–∞—Ç—å –∑–∞—è–≤–∫—É –Ω–∞ —Å—Ç–∞–∂–∏—Ä–æ–≤–∫—É –º–æ–∂–Ω–æ –¥–æ 8 –º–∞—è ‚Äî https://vk.cc/9ii5eq.
 –∑–∞—Ä–µ–≥–∏—Å—Ç—Ä–∏—Ä–æ–≤–∞—Ç—å—Å—è –Ω–∞ —Å–ø–∏–¥ –¥—ç–π—Ç–∏–Ω–≥, –≥–¥–µ –≤—ã —Å–º–æ–∂–µ—Ç–µ –ª–∏—á–Ω–æ –ø–æ–æ–±—â–∞—Ç—å—Å—è —Å –ø—Ä–µ–¥—Å—Ç–∞–≤–∏—Ç–µ–ª—è–º–∏ –∫–æ–º–ø–∞–Ω–∏–∏, –º–æ–∂–Ω–æ –ø–æ —Å—Å—ã–ª–∫–µ ‚Äî https://vk.cc/9djdwb.

#–∏—Ç–º–æ—Å—Ç–∞–∂–∏—Ä–æ–≤–∫–∞","['java', 'c', '—Ä–∞–∑—Ä–∞–±–æ—Ç–∫–∞']"
"#–∏—Ç–º–æ—Å—Ç–∞–∂–∏—Ä–æ–≤–∫–∞

—Å—Ç–∞–∂–∏—Ä–æ–≤–∫–∞ –¥–ª—è –Ω–∞—á–∏–Ω–∞—é—â–µ–≥–æ motion-–¥–∏–∑–∞–π–Ω–µ—Ä–∞ –≤ —Ä–µ–∫–ª–∞–º–Ω–æ–º –∞–≥–µ–Ω—Ç—Å—Ç–≤–µ –º–∞—Å—Ç–µ—Ä –∏–Ω ‚Äî —ç—Ç–æ ...

- –≤–æ–∑–º–æ–∂–Ω–æ—Å—Ç—å –ø–æ–ø–æ–ª–Ω–∏—Ç—å –ø–æ—Ä—Ç—Ñ–æ–ª–∏–æ —Ä–µ–∞–ª—å–Ω—ã–º–∏ –∫–µ–π—Å–∞–º–∏ 
- —Ä–∞–±–æ—Ç–∞—Ç—å —Å –∫—Ä—É–ø–Ω—ã–º–∏ —Ä–æ—Å—Å–∏–π—Å–∫–∏–º–∏ –∏ –º–µ–∂–¥—É–Ω–∞—Ä–æ–¥–Ω—ã–º–∏ –∫–æ–º–ø–∞–Ω–∏—è–º–∏ (–∫–ª–∏–µ–Ω—Ç–∞–º–∏ –∞–≥–µ–Ω—Ç—Å—Ç–≤–∞ —è–≤–ª—è—é—Ç—Å—è –º–µ–≥–∞—Ñ–æ–Ω, –±–∏–ª–∞–π–Ω, –Ω–µ–≤–∞ –º–∏–ª–∫, —Å–±–µ—Ä–±–∞–Ω–∫, hp –∏ –¥—Ä.) 
- —Ä–∞–±–æ—Ç–∞—Ç—å —É–¥–∞–ª–µ–Ω–Ω–æ
- –ø–æ–ª—É—á–∏—Ç—å –≤–æ–∑–º–æ–∂–Ω–æ—Å—Ç—å –¥–∞–ª—å–Ω–µ–π—à–µ–≥–æ —Ç—Ä—É–¥–æ—É—Å—Ç—Ä–æ–π—Å—Ç–≤–∞ 
- –ø–æ–ª—É—á–∏—Ç—å —Ä–µ–∫–æ–º–µ–Ω–¥–∞—Ü–∏–∏ –æ—Ç —Ñ–µ–¥–µ—Ä–∞–ª—å–Ω–æ–≥–æ —Ä–µ–∫–ª–∞–º–Ω–æ–≥–æ –∞–≥–µ–Ω—Ç—Å—Ç–≤–∞ (–≤—Ö–æ–¥–∏—Ç –≤ —Ç–æ–ø-20 –∞–≥–µ–Ω—Ç—Å—Ç–≤ –≤ —Ä—É–±—Ä–∏–∫–µ ¬´indoor¬ª —Ä—Ä–∞—Ä).

–≥–ª–∞–≤–Ω—ã–µ –æ–±—è–∑–∞–Ω–Ω–æ—Å—Ç–∏ ‚Äî —Å–æ–∑–¥–∞–Ω–∏–µ –Ω–µ–±–æ–ª—å—à–∏—Ö –∞–Ω–∏–º–∞—Ü–∏–æ–Ω–Ω—ã—Ö —Ä–æ–ª–∏–∫–æ–≤-–∑–∞—Å—Ç–∞–≤–æ–∫ –∏ —É—á–∞—Å—Ç–∏–µ –≤ —Ä–∞–∑—Ä–∞–±–æ—Ç–∫–µ —Å—Ü–µ–Ω–∞—Ä–∏–µ–≤ –∫ —Ä–æ–ª–∏–∫–∞–º.

–µ—Å–ª–∏ –≤—ã...

- –≤–ª–∞–¥–µ–µ—Ç–µ –≤–∏–¥–µ–æ—Ä–µ–¥–∞–∫—Ç–æ—Ä–∞–º–∏
- –ø—É–Ω–∫—Ç—É–∞–ª—å–Ω—ã
- –∏–º–µ–µ—Ç–µ –ª–∏—á–Ω—ã–π –ø–∫ –¥–ª—è —Ä–∞–±–æ—Ç—ã
- —É–º–µ–µ—Ç–µ –ø–æ–ª—å–∑–æ–≤–∞—Ç—å—Å—è –≤–∏–¥–µ–æ–∫–∞–º–µ—Ä–æ–π, 

—Ç–æ —Å–º–µ–ª–æ –ø—Ä–∏—Å—ã–ª–∞–π—Ç–µ —Ä–µ–∑—é–º–µ –∏ –ø—Ä–∏–º–µ—Ä—ã –≤–∞—à–∏—Ö —Ä–∞–±–æ—Ç –∏–∑ –ø–æ—Ä—Ç—Ñ–æ–ª–∏–æ –Ω–∞ –ø–æ—á—Ç—É kuzina@master-in.ru.","['–¥–∏–∑–∞–π–Ω', '—Ä–∞–∑—Ä–∞–±–æ—Ç–∫–∞']"
"#–∏—Ç–º–æ—Å—Ç–∞–∂–∏—Ä–æ–≤–∫–∞

–æ–ø–ª–∞—á–∏–≤–∞–µ–º–∞—è —Å—Ç–∞–∂–∏—Ä–æ–≤–∫–∞ –æ—Ç —Å–±–µ—Ä–±–∞–Ω–∫–∞ ‚Äî #sberseason.

–¥–ª—è –∫–æ–≥–æ? —Å—Ç—É–¥–µ–Ω—Ç—ã 3-6 –∫—É—Ä—Å–æ–≤.
–∫–æ–≥–¥–∞? –æ—Ç–±–æ—Ä –∑–∞—è–≤–æ–∫ —Å 1.09 –ø–æ 31.10.2019
–∫–∞–∫–∏–µ –Ω–∞–ø—Ä–∞–≤–ª–µ–Ω–∏—è? java, analytics, —ç–∫–æ–Ω–æ–º–∏–∫–∞ –∏ —Ñ–∏–Ω–∞–Ω—Å—ã. 

–≤–∞—Å –∂–¥–µ—Ç —Ä–∞–±–æ—Ç–∞ –Ω–∞–¥ –ø–µ—Ä—Å–ø–µ–∫—Ç–∏–≤–Ω—ã–º–∏ –ø—Ä–æ–µ–∫—Ç–∞–º–∏ –ø–æ–¥ —Ä—É–∫–æ–≤–æ–¥—Å—Ç–≤–æ–º –ø—Ä–æ—Ñ–µ—Å—Å–∏–æ–Ω–∞–ª–æ–≤, –≤–æ–∑–º–æ–∂–Ω–æ—Å—Ç—å —Å–æ–≤–º–µ—â–∞—Ç—å —Å—Ç–∞–∂–∏—Ä–æ–≤–∫—É —Å –æ–±—É—á–µ–Ω–∏–µ–º (–∑–∞–Ω—è—Ç–æ—Å—Ç—å 20-40 —á–∞—Å–æ–≤ –≤ –Ω–µ–¥–µ–ª—é), –∞ —Ç–∞–∫–∂–µ –ø–æ–ª—É—á–∞—Ç—å –¥–æ 35 —Ç—ã—Å—è—á —Ä—É–±–ª–µ–π –≤ –º–µ—Å—è—Ü! 

‚ùó—á—Ç–æ–±—ã —Å—Ç–∞—Ç—å –Ω–æ–≤—ã–º #sbergraduate, –ø–µ—Ä–µ–∑–∞—á–µ—Å—Ç—å –ø—Ä–æ–∏–∑–≤–æ–¥—Å—Ç–≤–µ–Ω–Ω—É—é –ø—Ä–∞–∫—Ç–∏–∫—É –≤ –≤–µ—Å–µ–Ω–Ω–µ–º —Å–µ–º–µ—Å—Ç—Ä–µ, –ø–æ–ª—É—á–∏—Ç—å –≤ –∫–æ–ø–∏–ª–∫—É —Ö–æ—Ä–æ—à–∏–π –æ–ø—ã—Ç —Ä–∞–±–æ—Ç—ã, –Ω—É–∂–Ω–æ –ø—Ä–æ—Å—Ç–æ –ø–æ–¥–∞—Ç—å –∑–∞—è–≤–∫—É ‚Äî https://vk.cc/9m543p.","['java', 'c']"
"—É—Å–ø–µ–π –ø–æ–¥–∞—Ç—å –∑–∞—è–≤–∫—É –Ω–∞ –ª–µ—Ç–Ω—é—é —Å—Ç–∞–∂–∏—Ä–æ–≤–∫—É –≤ [club151419361|–≥–µ—Ä–æ—Ñ–∞—Ä–º]!

—Å 8 –∞–ø—Ä–µ–ª—è –Ω–∞ –ø–ª–∞—Ç—Ñ–æ—Ä–º–µ —Ñ–∞—Ä–º–∏–Ω–Ω–æ—Ç–µ—Ö —Å—Ç–∞–Ω–µ—Ç –¥–æ—Å—Ç—É–ø–µ–Ω –Ω–æ–≤—ã–π –∫–µ–π—Å –¥–ª—è —Ä–µ—à–µ–Ω–∏—è. –Ω–æ —É–∂–µ —Å–µ–π—á–∞—Å –º–æ–∂–Ω–æ –ø–æ–¥–∞–≤–∞—Ç—å –∑–∞—è–≤–∫–∏ –Ω–∞ —É—á–∞—Å—Ç–∏–µ. üí• 
 
–≤—Å–µ –∑–∞—è–≤–∫–∏ –±—É–¥—É—Ç –ø—Ä–∏–Ω—è—Ç—ã 8 –∞–ø—Ä–µ–ª—è –≤ 11:00. —Ä–µ—à–µ–Ω–∏–µ –Ω—É–∂–Ω–æ –ø—Ä–∏—Å–ª–∞—Ç—å –¥–æ ‚ùó14 –∞–ø—Ä–µ–ª—è 23:59. ‚ùó–æ—á–Ω—ã–π —Ñ–∏–Ω–∞–ª –ø—Ä–æ–π–¥–µ—Ç 26 –∞–ø—Ä–µ–ª—è –Ω–∞ –ø—Ä–æ–∏–∑–≤–æ–¥—Å—Ç–≤–µ–Ω–Ω–æ–π –ø–ª–æ—â–∞–¥–∫–µ –≥–µ—Ä–æ—Ñ–∞—Ä–º –≤ –ø—É—à–∫–∏–Ω–µ. 
 
—Ä–∞–∑—Ä–∞–±–æ—Ç–∫–∞ —Å–æ–≤—Ä–µ–º–µ–Ω–Ω—ã—Ö –±–∏–æ—Ç–µ—Ö–Ω–æ–ª–æ–≥–∏—á–µ—Å–∫–∏—Ö –ø—Ä–µ–ø–∞—Ä–∞—Ç–æ–≤ —Å–æ—Å—Ç–æ–∏—Ç –∏–∑ 4 –æ—Å–Ω–æ–≤–Ω—ã—Ö –ø—Ä–æ—Ü–µ—Å—Å–æ–≤: bioanalytics, uppstream, downstream, quality control. 
–¥–∞–Ω–Ω—ã–µ –ø—Ä–æ—Ü–µ—Å—Å—ã –ª–µ–∂–∞—Ç –≤ –æ—Å–Ω–æ–≤–µ —Ä–∞–±–æ—Ç—ã –ª—é–±–æ–π –±–∏–æ—Ç–µ—Ö–Ω–æ–ª–æ–≥–∏—á–µ—Å–∫–æ–π –∫–æ–º–ø–∞–Ω–∏–∏ –ø–æ–ª–Ω–æ–≥–æ —Ü–∏–∫–ª–∞. 
 
–≥–µ—Ä–æ—Ñ–∞—Ä–º –∏ sartorius –ø—Ä–µ–¥–ª–∞–≥–∞—é—Ç –≤–∞–º –ø–æ–ø—Ä–æ–±–æ–≤–∞—Ç—å —Å–≤–æ–∏ —Å–∏–ª—ã –≤ —Ä–µ—à–µ–Ω–∏–∏ –æ–¥–Ω–æ–≥–æ –∏–∑ –¥–≤—É—Ö –∫–µ–π—Å–æ–≤, –æ—Ç–≤–µ—á–∞—é—â–∏—Ö –ø—Ä–æ—Ü–µ—Å—Å–∞–º —Ä–∞–∑—Ä–∞–±–æ—Ç–∫–∏ –ø—Ä–µ–ø–∞—Ä–∞—Ç–æ–≤. 
 
—É –≤–∞—Å –±—É–¥–µ—Ç –≤–æ–∑–º–æ–∂–Ω–æ—Å—Ç—å –æ–±—Å—É–¥–∏—Ç—å –∞–∫—Ç—É–∞–ª—å–Ω—ã–µ –ø—Ä–æ–±–ª–µ–º—ã —Ä–∞–∑—Ä–∞–±–æ—Ç–∫–∏ –±–∏–æ—Ç–µ—Ö–Ω–æ–ª–æ–≥–∏—á–µ—Å–∫–∏—Ö –ø—Ä–µ–ø–∞—Ä–∞—Ç–æ–≤ —Å —ç–∫—Å–ø–µ—Ä—Ç–∞–º–∏ –∫–æ–º–ø–∞–Ω–∏–π –≥–µ—Ä–æ—Ñ–∞—Ä–º –∏ sartorius. 
 
–ø–æ–±–µ–¥–∏—Ç–µ–ª–µ–π –∂–¥—É—Ç —Ü–µ–Ω–Ω—ã–µ –ø—Ä–∏–∑—ã.üèÖ –∞ —Ç–∞–∫–∂–µ –ø—Ä–∏–≥–ª–∞—à–µ–Ω–∏–µ –Ω–∞ –ª–µ—Ç–Ω—é—é –æ–ø–ª–∞—á–∏–≤–∞–µ–º—É—é —Å—Ç–∞–∂–∏—Ä–æ–≤–∫—É g-start - —ç—Ç–æ –¥–≤–∞ –º–µ—Å—è—Ü–∞ –∏–Ω—Ç–µ–Ω—Å–∏–≤–Ω–æ–π –±–∏–∑–Ω–µ—Å –ø—Ä–∞–∫—Ç–∏–∫–∏, –∑–Ω–∞–∫–æ–º—Å—Ç–≤–æ —Å –æ—Å–æ–±–µ–Ω–Ω–æ—Å—Ç—è–º–∏ —Ä–∞–±–æ—Ç—ã —Ä–∞–∑–ª–∏—á–Ω—ã—Ö –ø–æ–¥—Ä–∞–∑–¥–µ–ª–µ–Ω–∏–π –∫–æ–º–ø–∞–Ω–∏–∏, –ª–µ–∫—Ü–∏–∏ –æ—Ç —Ç–æ–ø ‚Äì –º–µ–Ω–µ–¥–∂–µ—Ä–æ–≤ –∏ —ç–∫—Å–∫—É—Ä—Å–∏–∏ –≤ r&d —Ü–µ–Ω—Ç—Ä –∏ –Ω–∞ –ø—Ä–æ–∏–∑–≤–æ–¥—Å—Ç–≤–æ. –≤–æ–∑–º–æ–∂–Ω–æ—Å—Ç—å –ø—Ä–∏–æ–±—Ä–µ—Å—Ç–∏ —Ü–µ–Ω–Ω—ã–π –æ–ø—ã—Ç –≤ –∏–Ω—Ç–µ—Ä–µ—Å–Ω—ã—Ö –ø—Ä–æ–µ–∫—Ç–∞—Ö. 
 
—Å –Ω–µ—Ç–µ—Ä–ø–µ–Ω–∏–µ–º –∂–¥–µ–º –≤–∞—à–∏—Ö –∑–∞—è–≤–æ–∫!üîî","['c', 'bi', '—Ä–∞–∑—Ä–∞–±–æ—Ç–∫–∞']"
"#–∏—Ç–º–æ—Å—Ç–∞–∂–∏—Ä–æ–≤–∫–∞ –≤ —Å—Ñ–µ—Ä–µ –º–æ–±–∏–ª—å–Ω–æ–π —Ä–µ–∫–ª–∞–º—ã advert school - —à–∫–æ–ª–∞ –º–æ–±–∏–ª—å–Ω–æ–≥–æ –º–∞—Ä–∫–µ—Ç–∏–Ω–≥–∞ (https://advert.school/)
 
—É—Å–ø–µ–≤–∞–µ–º –ø–æ–¥–∞—Ç—å –∑–∞—è–≤–∫—É –¥–æ 27 –º–∞—è!

—á—Ç–æ –≤–∞—Å –∂–¥—ë—Ç –Ω–∞ —Å—Ç–∞–∂–∏—Ä–æ–≤–∫–µ?

–º–µ—Å—è—Ü –ø–æ–ª–Ω–æ–≥–æ –ø–æ–≥—Ä—É–∂–µ–Ω–∏—è –≤ –ø—Ä–æ—Ñ–µ—Å—Å–∏—é:
üí≤–Ω–∞—Å—Ç—Ä–æ–π–∫–∞ –º–æ–±–∏–ª—å–Ω–æ–π —Ä–µ–∫–ª–∞–º—ã –≤ facebook. 
üí≤–ø–æ–¥–¥–µ—Ä–∂–∫–∞ –Ω–∞—Å—Ç–∞–≤–Ω–∏–∫–∞ –Ω–∞ –≤—Å–µ—Ö —ç—Ç–∞–ø–∞—Ö. 
üí≤—Ä–∞–±–æ—Ç–∞ —Å —Ä–µ–∞–ª—å–Ω—ã–º–∏ –±—é–¥–∂–µ—Ç–∞–º–∏ –≤ —Ä–∞–º–∫–∞—Ö –∫—Ä—É–ø–Ω—ã—Ö —Ä–µ–∫–ª–∞–º–Ω—ã—Ö –∫–∞–º–ø–∞–Ω–∏–π. 
üí≤–≤–æ–∑–º–æ–∂–Ω–æ—Å—Ç—å —É—Å—Ç—Ä–æ–∏—Ç—å—Å—è –Ω–∞ –∫—Ä—É—Ç—É—é –¥–æ–ª–∂–Ω–æ—Å—Ç—å –±–µ–∑ –æ–ø—ã—Ç–∞ —Ä–∞–±–æ—Ç—ã. 
 
—Ç—Ä–µ–±–æ–≤–∞–Ω–∏—è –∫ –∫–∞–Ω–¥–∏–¥–∞—Ç–∞–º:

üí™üèª–∞–Ω–∞–ª–∏—Ç–∏—á–µ—Å–∫–∏–µ —Å–ø–æ—Å–æ–±–Ω–æ—Å—Ç–∏.
üí™üèª –∑–Ω–∞–Ω–∏–µ exel, adobe photoshop –∏–ª–∏ –¥—Ä—É–≥–∏—Ö –≥—Ä–∞—Ñ–∏—á–µ—Å–∫–∏—Ö —Ä–µ–¥–∞–∫—Ç–æ—Ä–æ–≤ (–∏–ª–∏ –≥–æ—Ç–æ–≤–Ω–æ—Å—Ç—å –±—ã—Å—Ç—Ä–æ –∏—Ö –æ—Å–≤–æ–∏—Ç—å). 
üí™üèª–Ω–∞–ª–∏—á–∏–µ –æ–ø—ã—Ç–∞ –≤ –∑–∞–∫—É–ø–∫–µ —Ç—Ä–∞—Ñ–∏–∫–∞ –±—É–¥–µ—Ç –≤–∞—à–∏–º –ø—Ä–µ–∏–º—É—â–µ—Å—Ç–≤–æ–º. 
 
‚úâ–ø–æ–¥—Ä–æ–±–Ω–µ–µ –ø–æ —Å—Å—ã–ª–∫–µ https://vk.cc/9oe9lx –∏–ª–∏ –ø–æ—á—Ç–µ kira@ad4top.com.",['c']
"#–∏—Ç–º–æ—Å—Ç–∞–∂–∏—Ä–æ–≤–∫–∞ –æ—Ç –∫–æ–º–ø–∞–Ω–∏–∏ [club108530035|philip morris international] - –Ω–æ–≤–∞—è –∫–∞—Ä—å–µ—Ä–Ω–∞—è –≤–æ–∑–º–æ–∂–Ω–æ—Å—Ç—å‚ú®

üìç —Å—Ç–∞–∂–∏—Ä–æ–≤–∫–∞ –≤ –æ—Ç–¥–µ–ª–µ —Å–ª—É–∂–±—ã —Ç–µ—Ö–Ω–∏—á–µ—Å–∫–æ–≥–æ –æ–±—Å–ª—É–∂–∏–≤–∞–Ω–∏—è –ø—Ä–æ–∏–∑–≤–æ–¥—Å—Ç–≤–∞ –∏ —Ç–µ—Ö–Ω–æ–ª–æ–≥–∏—á–µ—Å–∫–æ–π –ø–æ–¥–¥–µ—Ä–∂–∫–∏
üìç–æ–ø–ª–∞—á–∏–≤–∞–µ–º–∞—è 
üìç–ø—Ä–æ–¥–æ–ª–∂–∏—Ç–µ–ª—å–Ω–æ—Å—Ç—å ‚Äî 7 –º–µ—Å—è—Ü–µ–≤ 
üìç–∏–¥–µ–∞–ª—å–Ω—ã–µ –∫–∞–Ω–¥–∏–¥–∞—Ç—ã ‚Äî —Å—Ç—É–¥–µ–Ω—Ç—ã 3 –∫—É—Ä—Å–∞ –±–∞–∫–∞–ª–∞–≤—Ä–∏–∞—Ç–∞ –∏–ª–∏ 1 –∫—É—Ä—Å–∞ –º–∞–≥–∏—Å—Ç—Ä–∞—Ç—É—Ä—ã
üìç–Ω–µ–æ–±—Ö–æ–¥–∏–º–æ –∑–Ω–∞—Ç—å –∑–∞–∫–æ–Ω—ã —ç–ª–µ–∫—Ç—Ä–æ—Ç–µ—Ö–Ω–∏–∫–∏, –±—É–ª–µ–≤—É –∞–ª–≥–µ–±—Ä—É –∏ –ø—Ä–∏–Ω—Ü–∏–ø—ã —Ä–∞–±–æ—Ç—ã —Å—Ä–µ–¥—Å—Ç–≤ –∞–≤—Ç–æ–º–∞—Ç–∏–∑–∞—Ü–∏–∏ (–¥–∞—Ç—á–∏–∫–æ–≤, –¥–≤–∏–≥–∞—Ç–µ–ª–µ–π, —á–∞—Å—Ç–æ—Ç–Ω—ã—Ö –ø—Ä–µ–æ–±—Ä–∞–∑–æ–≤–∞—Ç–µ–ª–µ–π, –∫–æ–Ω—Ç—Ä–æ–ª–ª–µ—Ä–æ–≤), —É–º–µ—Ç—å —á–∏—Ç–∞—Ç—å —ç–ª–µ–∫—Ç—Ä–∏—á–µ—Å–∫–∏–µ —Å—Ö–µ–º—ã

–ø–æ–¥—Ä–æ–±–Ω–æ—Å—Ç–∏ –∏ –ø–æ–¥–∞—á–∞ –∑–∞—è–≤–∫–∏ –Ω–∞ —Å–∞–π—Ç–µ https://vk.cc/92ceeu",['c']
"–±–µ—Å–ø–ª–∞—Ç–Ω–∞—è –ø—Ä–æ–≥—Ä–∞–º–º–∞ –ø–æ–¥–≥–æ—Ç–æ–≤–∫–∏ —Å—Ç—É–¥–µ–Ω—Ç–æ–≤ —Ç–µ—Ö–Ω–∏—á–µ—Å–∫–∏—Ö –Ω–∞–ø—Ä–∞–≤–ª–µ–Ω–∏–π –æ—Ç –∫–æ–º–ø–∞–Ω–∏–∏ w√§rtsil√§. ¬´–∫—É—Ä—Å –Ω–∞ qa!¬ª. —Å—Ç–∞—Ä—Ç –æ–±—É—á–µ–Ω–∏—è 9 —Å–µ–Ω—Ç—è–±—Ä—è. 
 
–ø—Ä–æ–¥–æ–ª–∂–∏—Ç–µ–ª—å–Ω–æ—Å—Ç—å –∫—É—Ä—Å–∞ 6 –Ω–µ–¥–µ–ª—å, 2 —Ä–∞–∑–∞ –≤ –Ω–µ–¥–µ–ª—é –ø–æ 2 —á–∞—Å–∞. 
–º–æ–¥—É–ª–∏ –∫—É—Ä—Å–∞:

- –ø–æ–≥—Ä—É–∂–µ–Ω–∏–µ –≤ –º–∏—Ä —Ä–∞–∑—Ä–∞–±–æ—Ç–∫–∏ 
- –æ—Ä–≥–∞–Ω–∏–∑–∞—Ü–∏—è –ø—Ä–æ—Ü–µ—Å—Å–∞ —Ç–µ—Å—Ç–∏—Ä–æ–≤–∞–Ω–∏—è –ø–æ 
- –ø—Ä–æ–¥–≤–∏–Ω—É—Ç—ã–µ —Ç–µ–º—ã –ø–æ —Ç–µ—Å—Ç–∏—Ä–æ–≤–∞–Ω–∏—é 
- –¥–æ–ø–æ–ª–Ω–∏—Ç–µ–ª—å–Ω–æ –ø—Ä–æ–≥—Ä–∞–º–º–∞ –∫—É—Ä—Å–∞ –≤–∫–ª—é—á–∞–µ—Ç —Ä–µ—à–µ–Ω–∏–µ –ø—Ä–∞–∫—Ç–∏—á–µ—Å–∫–∏—Ö –∫–µ–π—Å–æ–≤ –∏ scrum-–∏–≥—Ä—ã –¥–ª—è –∑–∞–∫—Ä–µ–ø–ª–µ–Ω–∏—è –∑–Ω–∞–Ω–∏–π. 

üìç—É—Å–ø–µ—à–Ω–æ–µ –ø—Ä–æ—Ö–æ–∂–¥–µ–Ω–∏–µ –∫—É—Ä—Å–∞ ‚Äì –≤–∞—à —Å—á–∞—Å—Ç–ª–∏–≤—ã–π –±–∏–ª–µ—Ç –Ω–∞ –≤–∞–∫–∞–Ω—Å–∏—é –∏–Ω–∂–µ–Ω–µ—Ä –ø–æ —Ç–µ—Å—Ç–∏—Ä–æ–≤–∞–Ω–∏—é, –∞ —Ç–∞–∫–∂–µ –≤–æ–∑–º–æ–∂–Ω–æ—Å—Ç—å –ø—Ä–æ–π—Ç–∏ –ø—Ä–∞–∫—Ç–∏–∫—É –∏–ª–∏ —Å—Ç–∞–∂–∏—Ä–æ–≤–∫—É –≤ –∫–æ–º–ø–∞–Ω–∏–∏.

—Ä–µ–≥–∏—Å—Ç—Ä–∞—Ü–∏—è –Ω–∞ –∫—É—Ä—Å –æ–¥–Ω–∏–º –∏–∑ –¥–≤—É—Ö —Å–ø–æ—Å–æ–±–æ–≤:
- –ø–æ —Å—Å—ã–ª–∫–µ - https://vk.cc/9j7udt
- —Ä–µ–∑—é–º–µ –Ω–∞ –ø–æ—á—Ç—É olesya.pishchugina@wartsila.com.

–æ—Ç–±–æ—Ä–æ—á–Ω—ã–π —Ç—É—Ä –ø—Ä–æ–π–¥–µ—Ç –æ—á–Ω–æ 3 —Å–µ–Ω—Ç—è–±—Ä—è.","['c', '—Ç–µ—Å—Ç–∏—Ä–æ–≤–∞–Ω–∏–µ', '—Ä–∞–∑—Ä–∞–±–æ—Ç–∫–∞', '–∏–Ω–∂–µ–Ω–µ—Ä']"
"–æ—Å—Ç–∞–ª–æ—Å—å –¥–≤–∞ –º–µ—Å—Ç–∞ –≤ —à–∫–æ–ª–µ —Å—Ç–∞–∂–µ—Ä–æ–≤ torrow technologies üì£

—Å–æ —Å–ª–µ–¥—É—é—â–µ–π –Ω–µ–¥–µ–ª–∏ (—Å 29 –æ–∫—Ç—è–±—Ä—è) —Å—Ç–∞—Ä—Ç—É–µ—Ç 5 –≥—Ä—É–ø–ø–∞ –æ–±—É—á–µ–Ω–∏—è –≤ —à–∫–æ–ª–µ —Å—Ç–∞–∂–µ—Ä–æ–≤ torrow technoligies. –∫–æ–º–ø–∞–Ω–∏—è –Ω–∞–±–∏—Ä–∞–µ—Ç —Å—Ç—É–¥–µ–Ω—Ç–æ–≤ —Å—Ç–∞—Ä—à–∏—Ö –∫—É—Ä—Å–æ–≤ –∏—Ç —Å–ø–µ—Ü–∏–∞–ª—å–Ω–æ—Å—Ç–µ–π –¥–ª—è –æ–±—É—á–µ–Ω–∏—è –∏ –ø–æ—Å–ª–µ–¥—É—é—â–µ–≥–æ –ø—Ä–æ—Ö–æ–∂–¥–µ–Ω–∏—è —Å—Ç–∞–∂–∏—Ä–æ–≤–∫–∏ –ø–æ —Å–ª–µ–¥—É—é—â–∏–º –Ω–∞–ø—Ä–∞–≤–ª–µ–Ω–∏—è–º: 

1. —Ä–∞–∑—Ä–∞–±–æ—Ç—á–∏–∫ –ø—Ä–æ–≥—Ä–∞–º–º–Ω–æ–≥–æ –æ–±–µ—Å–ø–µ—á–µ–Ω–∏—è (frontend –∏ backend) 
2. –∞–Ω–∞–ª–∏—Ç–∏–∫ –ø—Ä–æ–≥—Ä–∞–º–º–Ω–æ–≥–æ –æ–±–µ—Å–ø–µ—á–µ–Ω–∏—è 
3. –∏–Ω–∂–µ–Ω–µ—Ä –∞–≤—Ç–æ–º–∞—Ç–∏–∑–∞—Ü–∏–∏ —Ç–µ—Å—Ç–∏—Ä–æ–≤–∞–Ω–∏—è 
4. devops –∏–Ω–∂–µ–Ω–µ—Ä 

–æ—Å—Ç–∞–ª–æ—Å—å –¥–≤–∞ –º–µ—Å—Ç–∞ –¥–ª—è —Ñ–æ—Ä–º–∏—Ä–æ–≤–∞–Ω–∏—è –ø–æ–ª–Ω–æ–π –≥—Ä—É–ø–ø—ã, –∫–æ—Ç–æ—Ä–∞—è —Å 29 –æ–∫—Ç—è–±—Ä—è 2019 –≥–æ–¥–∞ –Ω–∞—á–Ω–µ—Ç –æ–±—É—á–µ–Ω–∏–µ –≤ —Å–æ–æ—Ç–≤–µ—Ç—Å—Ç–≤–∏–∏ —Å –ø—Ä–æ–≥—Ä–∞–º–º–æ–π - https://vk.cc/9w0jnx

üì©—Å–≤–æ–∏ —Ä–µ–∑—é–º–µ –∏ –≤–æ–ø—Ä–æ—Å—ã –ø–æ —Å—Ç–∞–∂–∏—Ä–æ–≤–∫–µ –Ω–∞–ø—Ä–∞–≤–ª—è–π—Ç–µ, –ø–æ–∂–∞–ª—É–π—Å—Ç–∞, –Ω–∞ –∞–¥—Ä–µ—Å —ç–ª–µ–∫—Ç—Ä–æ–Ω–Ω–æ–π –ø–æ—á—Ç—ã hr@torrowtech.com","['c', 'frontend', 'backend', '–∞–Ω–∞–ª–∏—Ç–∏–∫', '—Ç–µ—Å—Ç–∏—Ä–æ–≤–∞–Ω–∏–µ', '—Ä–∞–∑—Ä–∞–±–æ—Ç—á–∏–∫', '–∏–Ω–∂–µ–Ω–µ—Ä']"
"–¥–∞–π–¥–∂–µ—Å—Ç –≤–∞–∫–∞–Ω—Å–∏–π –Ω–µ–¥–µ–ª–∏ –æ—Ç –Ω–∞—à–∏—Ö –ø–∞—Ä—Ç–Ω–µ—Ä–æ–≤ üôåüèª 
#–∏—Ç–º–æ–≤–∞–∫–∞–Ω—Å–∏—è 
 
1. –ø–∞–æ ¬´–≥–∞–∑–ø—Ä–æ–º –Ω–µ—Ñ—Ç—å¬ª –æ–±—ä—è–≤–ª—è–µ—Ç –∫–æ–Ω–∫—É—Ä—Å –Ω–∞ –ø–æ–∑–∏—Ü–∏—é –∞—É–¥–∏—Ç–æ—Ä–∞ –∏–Ω—Ñ–æ—Ä–º–∞—Ü–∏–æ–Ω–Ω—ã—Ö —Å–∏—Å—Ç–µ–º –≤ –¥–µ–ø–∞—Ä—Ç–∞–º–µ–Ω—Ç –≤–Ω—É—Ç—Ä–µ–Ω–Ω–µ–≥–æ –∞—É–¥–∏—Ç–∞. 
—Ä–µ–∑—é–º–µ –Ω–∞–ø—Ä–∞–≤–ª—è—Ç—å –ø–æ —ç–ª–µ–∫—Ç—Ä–æ–Ω–Ω–æ–π –ø–æ—á—Ç–µ s2vyaw1vdmeutudaz2f6chjvbs1uzwz0lnj1@gazprom-neft.ru 
–≤ —Ñ–æ—Ä–º–∞—Ç–µ ms word. 
 
–≤–Ω—É—Ç—Ä–∏ –æ–±—ä—è–≤–ª–µ–Ω–∏—è –Ω–µ–±–æ–ª—å—à–∞—è –∑–∞–≥–∞–¥–∫–∞, —á—Ç–æ —è–≤–ª—è–µ—Ç—Å—è –º–∏–Ω–∏ —ç—Ç–∞–ø–æ–º –æ—Ç–±–æ—Ä–∞üòá

2. –æ–æ–æ ¬´—è—Ä—É—Å¬ª 
–ø—Ä–æ–≥—Ä–∞–º–º–∏—Å—Ç —Å —Ñ—É–Ω–∫—Ü–∏—è–º–∏ –º–µ—Ç–æ–¥–∏—Å—Ç–∞-–∫–æ–Ω—Å—É–ª—å—Ç–∞–Ω—Ç–∞ üëâüèªhttps://vk.cc/aknsgb

3. –∞–æ ""–Ω–∏–∫""
frontend —Ä–∞–∑—Ä–∞–±–æ—Ç—á–∏–∫üëâüèªhttps://vk.cc/aknvcc

4. –æ–æ–æ ¬´–±—Å—Ö –±—ã—Ç–æ–≤—ã–µ –ø—Ä–∏–±–æ—Ä—ã¬ª
—Å—Ç–∞–∂–µ—Ä –æ—Ç–¥–µ–ª–∞ –∫–∞—á–µ—Å—Ç–≤–∞ (–≥–æ—Ç–æ–≤–∞—è –ø—Ä–æ–¥—É–∫—Ü–∏—è)üëâüèªhttps://vk.cc/aknxi7","['c', 'frontend', '—Ä–∞–∑—Ä–∞–±–æ—Ç—á–∏–∫']"
"3 –∞–ø—Ä–µ–ª—è —Å–æ—Å—Ç–æ—è–ª–∞—Å—å —ç–∫—Å–∫—É—Ä—Å–∏—è –≤ –∫–æ–º–ø–∞–Ω–∏—é –º—Ç—Å –≤ —Ç–µ—Ö–Ω–∏—á–µ—Å–∫–∏–π –±–ª–æ–∫.
—Ä–µ–±—è—Ç–∞ –ø–æ–¥—Ä–æ–±–Ω–æ —É–∑–Ω–∞–ª–∏ –æ –ø—Ä–æ–≥—Ä–∞–º–º–µ —Å—Ç–∞–∂–∏—Ä–æ–≤–æ–∫ mts flash, –ø—Ä–∏–Ω—è–ª–∏ —É—á–∞—Å—Ç–∏–µ –≤ –≤–∏–∫—Ç–æ—Ä–∏–Ω–µ, –≤—ã–∏–≥—Ä–∞–ª–∏ —Ü–µ–Ω–Ω—ã–µ –ø—Ä–∏–∑—ã, –ø–æ—Å–µ—Ç–∏–ª–∏ –ª–∏–Ω–µ–π–Ω—ã–π –∑–∞–ª, –≥–¥–µ –ø—Ä–µ–¥—Å—Ç–∞–≤–ª–µ–Ω–æ –æ–±–æ—Ä—É–¥–æ–≤–∞–Ω–∏–µ, –ø–æ—Å—Ä–µ–¥—Å—Ç–≤–æ–º –∫–æ—Ç–æ—Ä–æ–≥–æ –≤–µ—Å—å —Å–∞–Ω–∫—Ç-–ø–µ—Ç–µ—Ä–±—É—Ä–≥ –æ–±–µ—Å–ø–µ—á–∏–≤–∞–µ—Ç—Å—è —Å–≤—è–∑—å—é.

—Ç–µ, –∫—Ç–æ –Ω–µ —Å–º–æ–≥ –ø—Ä–∏—Å—É—Ç—Å—Ç–≤–æ–≤–∞—Ç—å –ª–∏—á–Ω–æ, –º–æ–≥—É—Ç –ø–æ–¥—Ä–æ–±–Ω–µ–µ –ø–æ—á–∏—Ç–∞—Ç—å –æ —Å—Ç–∞–∂–∏—Ä–æ–≤–∫–∞—Ö, –∞ —Ç–∞–∫–∂–µ –ø–æ–¥–∞—Ç—å –∑–∞—è–≤–∫—É –ø–æ —Å—Å—ã–ª–∫–µ https://vk.cc/9gas26.

–¥–∞—Ç—ã —Å—Ç–∞–∂–∏—Ä–æ–≤–æ–∫: –∞–ø—Ä–µ–ª—å ‚Äî –æ–∫—Ç—è–±—Ä—å 2019 –≥–æ–¥–∞.
—É—á–∞—Å—Ç–Ω–∏–∫–∏: —Å—Ç—É–¥–µ–Ω—Ç—ã 3-5 –∫—É—Ä—Å–æ–≤ –∏ –≤—ã–ø—É—Å–∫–Ω–∏–∫–∏.
–Ω–∞–ø—Ä–∞–≤–ª–µ–Ω–∏—è: —Ç–µ—Ö–Ω–∏—á–µ—Å–∫–∏–π –±–ª–æ–∫, –º–∞—Ä–∫–µ—Ç–∏–Ω–≥, —Å–≤—è–∑–∏ —Å –æ–±—â–µ—Å—Ç–≤–µ–Ω–Ω–æ—Å—Ç—å—é, —Ä–∞–±–æ—Ç–∞ —Å –∫–æ—Ä–ø–æ—Ä–∞—Ç–∏–≤–Ω—ã–º–∏ –∫–ª–∏–µ–Ω—Ç–∞–º–∏, –∑–∞–∫—É–ø–∫–∏, —É–ø—Ä–∞–≤–ª–µ–Ω–∏–µ –ø–µ—Ä—Å–æ–Ω–∞–ª–æ–º, —Ñ–∏–Ω–∞–Ω—Å—ã –∏ –∏–Ω–≤–µ—Å—Ç–∏—Ü–∏–∏.
—Ç–∏–ø—ã: mts flash test drive (–¥–ª—è —Ç–µ—Ö, –∫—Ç–æ —É—á–∏—Ç—Å—è) –∏ mts flash stars (–¥–ª—è —Ç–µ—Ö, –∫—Ç–æ –∑–∞–∫–∞–Ω—á–∏–≤–∞–µ—Ç –æ–±—É—á–µ–Ω–∏–µ –≤ 2019 –≥–æ–¥—É).

#–∏—Ç–º–æ—Å—Ç–∞–∂–∏—Ä–æ–≤–∫–∞",[]
"–∫–æ–º–º–µ—Ä—á–µ—Å–∫–∏–π –¥–µ–ø–∞—Ä—Ç–∞–º–µ–Ω—Ç —è–Ω–¥–µ–∫—Å–∞ –∏—â–µ—Ç —Å—Ç–∞–∂–µ—Ä–∞! 
 
—Å—Ç—É–¥–µ–Ω—Ç—ã —Å—Ç–∞—Ä—à–∏—Ö –∫—É—Ä—Å–æ–≤ –∏ –≤—ã–ø—É—Å–∫–Ω–∏–∫–∏ ‚Äî –≤—Å–µ, –∫—Ç–æ –∏–Ω—Ç–µ—Ä–µ—Å—É–µ—Ç—Å—è –ø—Ä–æ–¥–∞–∂–∞–º–∏ –∏ –º–∞—Ä–∫–µ—Ç–∏–Ω–≥–æ–º, welcome! 
 
–≤–∞—à–∏ –æ—Å–Ω–æ–≤–Ω—ã–µ –∑–∞–¥–∞—á–∏ ‚Äî –ø—Ä–∏–≤–ª–µ—á–µ–Ω–∏–µ —Ä–µ–∫–ª–∞–º–æ–¥–∞—Ç–µ–ª–µ–π –∏ —Ä–∞–∑–≤–∏—Ç–∏–µ —Å –Ω–∏–º–∏ –¥–æ–ª–≥–æ—Å—Ä–æ—á–Ω—ã—Ö –æ—Ç–Ω–æ—à–µ–Ω–∏–π. 
—Å—Ç–∞–∂–∏—Ä–æ–≤–∫–∞ –æ–ø–ª–∞—á–∏–≤–∞–µ–º–∞—è, 20 —á/–Ω–µ–¥. 
 
–ø–æ–¥–∞—Ç—å –∑–∞—è–≤–∫—É –∏ –≤—ã–ø–æ–ª–Ω–∏—Ç—å —Ç–µ—Å—Ç–æ–≤–æ–µ –Ω—É–∂–Ω–æ –¥–æ 14 –∏—é–Ω—è –ø–æ —Å—Å—ã–ª–∫–µ ‚Äî https://vk.cc/9qagj6

#–∏—Ç–º–æ—Å—Ç–∞–∂–∏—Ä–æ–≤–∫–∞",['c']
"—Å–∞–º—ã–µ —Å–≤–µ–∂–∏–µ, —Å–∞–º—ã–µ –∞–∫—Ç—É–∞–ª—å–Ω—ã–µ, —Å–∞–º—ã–µ –ª–µ—Ç–Ω–∏–µ —Å—Ç–∞–∂–∏—Ä–æ–≤–∫–∏ –∏ –ø—Ä–∞–∫—Ç–∏–∫–∏. üôåüèª
—Ä–∞–∑–±–∏–ª–∏ –¥–ª—è —É–¥–æ–±–Ω–æ–≥–æ –ø—Ä–æ—Å–º–æ—Ç—Ä–∞ –Ω–∞ 2 —á–∞—Å—Ç–∏:

‚òÄ–ª–µ—Ç–Ω–∏–µ —Å—Ç–∞–∂–∏—Ä–æ–≤–∫–∏. —á–∞—Å—Ç—å 1 - https://vk.cc/9sw0ve
‚òÄ–ª–µ—Ç–Ω–∏–µ —Å—Ç–∞–∂–∏—Ä–æ–≤–∫–∏. —á–∞—Å—Ç—å 2 - https://vk.cc/9sw14j

–ø–µ—Ä–µ—Ö–æ–¥–∏–º, —Ä–µ–≥–∏—Å—Ç—Ä–∏—Ä—É–µ–º—Å—è –∏ –ø—Ä–æ–≤–æ–¥–∏–º –ª–µ—Ç–æ —Å –æ–≥—Ä–æ–º–Ω–æ–π –ø–æ–ª—å–∑–æ–π –¥–ª—è —Å–∞–º–æ—Ä–∞–∑–≤–∏—Ç–∏—è –∏ –±—É–¥—É—â–µ–π –∫–∞—Ä—å–µ—Ä—ã üöÄ 

#–∏—Ç–º–æ—Å—Ç–∞–∂–∏—Ä–æ–≤–∫–∞",[]
"#–∏—Ç–º–æ—Å—Ç–∞–∂–∏—Ä–æ–≤–∫–∞ ‚Ññ1 –ø–æ –º–µ–¥–∏–∞–±–∞–∏–Ω–≥—É –æ—Ç advert school —Å –¥–∞–ª—å–Ω–µ–π—à–∏–º —Ç—Ä—É–¥–æ—É—Å—Ç—Ä–æ–π—Å—Ç–≤–æ–º –≤ —Å—Ñ–µ—Ä–µ digital-marketing üôåüèª

—á—Ç–æ –≤—ã –±—É–¥–µ—Ç–µ –¥–µ–ª–∞—Ç—å?
- –∏–∑—É—á–∞—Ç—å –Ω–∞—Å—Ç—Ä–æ–π–∫—É —Ä–µ–∫–ª–∞–º–Ω—ã—Ö –∫–∞–º–ø–∞–Ω–∏–π –Ω–∞ –ø—Ä–∞–∫—Ç–∏–∫–µ.
- —Ä–∞–±–æ—Ç–∞—Ç—å —Å –∫—Ä—É–ø–Ω–µ–π—à–∏–º–∏ –∏—Å—Ç–æ—á–Ω–∏–∫–∞–º–∏ –º–æ–±–∏–ª—å–Ω–æ–≥–æ —Ç—Ä–∞—Ñ–∏–∫–∞ ‚Äì facebook –∏ instagram.
- —É–ø—Ä–∞–≤–ª—è—Ç—å —Ä–µ–∞–ª—å–Ω—ã–º–∏ –±—é–¥–∂–µ—Ç–∞–º–∏ –∏ —Ä–µ–∞–ª—å–Ω—ã–º–∏ –ø—Ä–æ–µ–∫—Ç–∞–º–∏.

–¥–∞—Ç–∞ –Ω–∞—á–∞–ª–∞: –ª—é–±–æ–π –¥–µ–Ω—å.
–ø—Ä–æ–¥–æ–ª–∂–∏—Ç–µ–ª—å–Ω–æ—Å—Ç—å: 1 –º–µ—Å—è—Ü (2 –Ω–µ–¥–µ–ª–∏ —Ç–µ–æ—Ä–∏–∏ + 2 –Ω–µ–¥–µ–ª–∏ –ø—Ä–∞–∫—Ç–∏–∫–∏).
–∑–∞–Ω—è—Ç–æ—Å—Ç—å: –ø–æ–ª–Ω–∞—è (5/2 —Å 11.00 –¥–æ 18.00).
–º–µ—Å—Ç–æ –ø—Ä–æ—Ö–æ–∂–¥–µ–Ω–∏—è: —Å–∞–Ω–∫—Ç-–ø–µ—Ç–µ—Ä–±—É—Ä–≥, –º.—á–µ—Ä–Ω—ã—à–µ–≤—Å–∫–∞—è. 
 
–ø—Ä–∏ —É—Å–ø–µ—à–Ω–æ–º –ø—Ä–æ—Ö–æ–∂–¥–µ–Ω–∏–∏ —Å—Ç–∞–∂–∏—Ä–æ–≤–∫–∏ –≤–∞—Å –∂–¥–µ—Ç –æ—Ñ–∏—Ü–∏–∞–ª—å–Ω–æ–µ —Ç—Ä—É–¥–æ—É—Å—Ç—Ä–æ–π—Å—Ç–≤–æ.

#–∏—Ç–º–æ—Å—Ç–∞–∂–∏—Ä–æ–≤–∫–∞ ‚Ññ2 –ø–æ –∞–Ω–∞–ª–∏–∑—É –¥–∞–Ω–Ω—ã—Ö –æ—Ç advert school –¥–ª—è –∫–∞–Ω–¥–∏–¥–∞—Ç–æ–≤ —Å —Ö–æ—Ä–æ—à–∏–º –∑–Ω–∞–Ω–∏–µ–º –∞–Ω–≥–ª–∏–π—Å–∫–æ–≥–æ —è–∑—ã–∫–∞.

responsibilities:
- data collection and analysis using sql and python.
- process, cleanse, and verify the integrity of data used for analysis.
- interpret data, analyse results using statistical techniques, identify trends or patterns in complex data sets, and provide analytics reports to drive business insights.
- develop new reports and dashboards to help users make faster and better decisions.
 
requirements: 
- pursuing undergraduate or graduate degree in math, statistics, engineering, computer science or related field.
- able to commit part-time, min 3 working days a week (full-time preferred) internship during 3 or 6 month. 
- working knowledge of sql.
- familiar with at least one programming/scripting language, preferably python.

üìç—á—Ç–æ–±—ã –ø–æ–¥–∞—Ç—å –∑–∞—è–≤–∫—É –Ω–∞ –æ–¥–Ω—É –∏–∑ —Å—Ç–∞–∂–∏—Ä–æ–≤–æ–∫ –∏ –ø–æ–ª—É—á–∏—Ç—å —Ç–µ—Å—Ç–æ–≤–æ–µ –∑–∞–¥–∞–Ω–∏–µ, –æ—Ç–ø—Ä–∞–≤—å—Ç–µ –ø–∏—Å—å–º–æ —Å —Ç–µ–º–æ–π ¬´—Å—Ç–∞–∂–∏—Ä–æ–≤–∫–∞¬ª –∏ —Å —É–∫–∞–∑–∞–Ω–∏–µ–º –µ–µ –≤–∏–¥–∞ –Ω–∞ –ø–æ—á—Ç—É a.pronik@adhack.io.","['c', 'python', 'bi', '–∞–Ω–∞–ª–∏–∑ –¥–∞—Ç—å', '–∞–Ω–≥–ª–∏–π—Å–∫–∏–π']"
"–ø–∞–æ ¬´–≥–∞–∑–ø—Ä–æ–º –Ω–µ—Ñ—Ç—å¬ª –æ—Ç–∫—Ä—ã–≤–∞–µ—Ç —Å—Ç–∞–∂–∏—Ä–æ–≤–∫—É –≤ –¥–∏—Ä–µ–∫—Ü–∏–∏ –ø–æ –∑–∞–∫—É–ø–∫–∞–º –∏ –∫–∞–ø–∏—Ç–∞–ª—å–Ω–æ–º—É —Å—Ç—Ä–æ–∏—Ç–µ–ª—å—Å—Ç–≤—É. 
 
üöÄ–∑–∞–¥–∞—á–∏: 
—Å–æ–∑–¥–∞–Ω–∏–µ –∏—Å—Å–ª–µ–¥–æ–≤–∞–Ω–∏–π –∏ –∫–æ–Ω—Ü–µ–ø—Ü–∏–π –ø–æ —É–º–Ω—ã–º –≥–æ—Ä–æ–¥–∞–º. 

üí°—É—Å–ø–µ—à–Ω—ã–π –∫–∞–Ω–¥–∏–¥–∞—Ç: 
 - —Å—Ç—É–¥–µ–Ω—Ç –æ—Ç 3 –∫—É—Ä—Å–∞ –ø–æ –Ω–∞–ø—Ä–∞–≤–ª–µ–Ω–∏—é —É–º–Ω—ã–µ –≥–æ—Ä–æ–¥–∞; 
 - —Å–æ —Å—Ä–µ–¥–Ω–∏–º –±–∞–ª–ª–æ–º —É—Å–ø–µ–≤–∞–µ–º–æ—Å—Ç–∏ 4 –∏ –≤—ã—à–µ; 
 - –≤–ª–∞–¥–µ–Ω–∏–µ –∞–Ω–≥–ª–∏–π—Å–∫–∏–º —è–∑—ã–∫–æ–º –Ω–∞ —É—Ä–æ–≤–Ω–µ –Ω–µ –Ω–∏–∂–µ intermediate; 
 - –æ–±–ª–∞–¥–∞–µ—Ç –∑–Ω–∞–Ω–∏—è–º–∏ –æ—Å–Ω–æ–≤–Ω—ã—Ö –ø–æ–¥—Ö–æ–¥–æ–≤ —Å–æ–∑–¥–∞–Ω–∏—è –∏ —Ä–∞–∑–≤–∏—Ç–∏—è —É–º–Ω—ã—Ö –≥–æ—Ä–æ–¥–æ–≤ (—á—Ç–æ —Ç–∞–∫–æ–µ bim-management, —Ü–∏—Ä–∫—É–ª—è—Ä–Ω–∞—è —ç–∫–æ–Ω–æ–º–∏–∫–∞, —É—Å—Ç–æ–π—á–∏–≤–æ–µ —Ä–∞–∑–≤–∏—Ç–∏–µ, –ø—Ä–æ–º—ã—à–ª–µ–Ω–Ω—ã–π —Å–∏–º–±–∏–æ–∑ –∏ —Ç.–¥.). 
 

‚úè—É—Å–ª–æ–≤–∏—è —Å—Ç–∞–∂–∏—Ä–æ–≤–∫–∏ –æ–±—Å—É–∂–¥–∞—é—Ç—Å—è –ø–æ —Ä–µ–∑—É–ª—å—Ç–∞—Ç–∞–º —Å–æ–±–µ—Å–µ–¥–æ–≤–∞–Ω–∏—è.
—Ä–µ–∑—é–º–µ, –ø–æ–∂–∞–ª—É–π—Å—Ç–∞, –Ω–∞–ø—Ä–∞–≤–ª—è–π—Ç–µ komova.vm@gazprom-neft.ru –¥–æ 31 —è–Ω–≤–∞—Ä—è 10:00","['bi', '–∞–Ω–≥–ª–∏–π—Å–∫–∏–π']"
"—Å—Ç–∞–∂–∏—Ä–æ–≤–∫–∞ –æ—Ç netcrackerüí•

 üìå —Ç–æ–ª—å–∫–æ –¥–ª—è —Å—Ç—É–¥–µ–Ω—Ç–æ–≤ —Ç–µ—Ö–Ω–∏—á–µ—Å–∫–∏—Ö —Å–ø–µ—Ü–∏–∞–ª—å–Ω–æ—Å—Ç–µ–π –æ—Ç 3 –∫—É—Ä—Å–∞ –∏ —Å—Ç–∞—Ä—à–µ. 
 
—Ö–æ—á–µ—à—å –æ—Å–≤–æ–∏—Ç—å —Å–ø–µ—Ü–∏–∞–ª–∏–∑–∞—Ü–∏—é –±—É–¥—É—â–µ–≥–æ? —Ä–∞–±–æ—Ç–∞—Ç—å –Ω–∞ –º–µ–∂–¥—É–Ω–∞—Ä–æ–¥–Ω—ã—Ö –ø—Ä–æ–µ–∫—Ç–∞—Ö? –±—ã—Ç—å –≤ –∫–æ–º–∞–Ω–¥–µ –ø—Ä–æ—Ñ–µ—Å—Å–∏–æ–Ω–∞–ª–æ–≤ netcracker? 
 
–æ—Ç–ø—Ä–∞–≤—å –∑–∞—è–≤–∫—É –≤ —É—á–µ–±–Ω—ã–π —Ü–µ–Ω—Ç—Ä netcracker –≤ —Å–∞–Ω–∫—Ç-–ø–µ—Ç–µ—Ä–±—É—Ä–≥–µ https://vk.cc/afpygn 
 
‚úÖ –±–µ—Å–ø–ª–∞—Ç–Ω—ã–µ –∫—É—Ä—Å—ã –ø–æ –∞–∫—Ç—É–∞–ª—å–Ω—ã–º it-–Ω–∞–ø—Ä–∞–≤–ª–µ–Ω–∏—è–º: software development, business and system analysis, quality assurance & test automation, devops & system engineering. 
 
‚úÖ –ø—Ä–∞–∫—Ç–∏–∫–∞ –ø–æ–¥ –∫—É—Ä–∞—Ç–æ—Ä—Å—Ç–≤–æ–º –≤–µ–¥—É—â–∏—Ö —Ç–µ—Ö–Ω–∏—á–µ—Å–∫–∏—Ö —ç–∫—Å–ø–µ—Ä—Ç–æ–≤ –∫–æ–º–ø–∞–Ω–∏–∏! 
 
‚úÖ —Ä–µ–∞–ª—å–Ω–∞—è –≤–æ–∑–º–æ–∂–Ω–æ—Å—Ç—å —Ç—Ä—É–¥–æ—É—Å—Ç—Ä–æ–π—Å—Ç–≤–∞ –≤ –ª–∏–¥–∏—Ä—É—é—â—É—é –∫–æ–º–ø–∞–Ω–∏—é —Ç–µ–ª–µ–∫–æ–º-–∏–Ω–¥—É—Å—Ç—Ä–∏–∏. 

–≤–∞–º –±—É–¥–µ—Ç –ø—Ä–µ–¥–ª–æ–∂–µ–Ω –≥–∏–±–∫–∏–π –≥—Ä–∞—Ñ–∏–∫ –¥–ª—è —Å–æ–≤–º–µ—â–µ–Ω–∏—è —Ä–∞–±–æ—Ç—ã —Å —É—á–µ–±–æ–π! 
 
—É—á–µ–±–Ω—ã–π —Ü–µ–Ω—Ç—Ä netcracker —Ä–∞—Å–ø–æ–ª–æ–∂–µ–Ω –Ω–∞ –±–∞–∑–µ —É–Ω–∏–≤–µ—Ä—Å–∏—Ç–µ—Ç–∞ –∏—Ç–º–æ. 
 
—Ç—Ä–µ–±–æ–≤–∞–Ω–∏—è –∫ –ø–æ—Å—Ç—É–ø–ª–µ–Ω–∏—é –∏ –∏–Ω—Ñ–æ—Ä–º–∞—Ü–∏—è –¥–ª—è –ø–æ–¥–≥–æ—Ç–æ–≤–∫–∏ –∫ –≤—Ö–æ–¥–Ω–æ–º—É –∏–Ω—Ç–µ—Ä–≤—å—é https://vk.cc/afpygn

#—Å—Ç–∞–∂–∏—Ä–æ–≤–∫–∞",['c']
"#–∏—Ç–º–æ—Å—Ç–∞–∂–∏—Ä–æ–≤–∫–∞ –æ—Ç —Å–±–µ—Ä–±–∞–Ω–∫–∞ –¥–ª—è —Å—Ç—É–¥–µ–Ω—Ç–æ–≤ –æ—Ç 3 –∫—É—Ä—Å–∞ –±–∞–∫–∞–ª–∞–≤—Ä–∏–∞—Ç–∞ –∏ —Å—Ç—É–¥–µ–Ω—Ç–æ–≤ –º–∞–≥–∏—Å—Ç—Ä–∞—Ç—É—Ä—ã üí™üèª

!!! –ø—Ä–∏–µ–º –∑–∞—è–≤–æ–∫ –¥–æ 5 –º–∞—Ä—Ç–∞ !!!

–Ω–∞–ø—Ä–∞–≤–ª–µ–Ω–∏—è —Å—Ç–∞–∂–∏—Ä–æ–≤–∫–∏:
- –≥—Ä–∞—Ñ–∏—á–µ—Å–∫–∏–π –¥–∏–∑–∞–π–Ω;
- —Ñ–∏–Ω–∞–Ω—Å—ã;
- vba development;
- sql development;
- python development;
- java;
- a–¥–º–∏–Ω–∏—Å—Ç—Ä–∏—Ä–æ–≤–∞–Ω–∏–µ —Å–∞–π—Ç–æ–≤;
- data science;
- java script;
- sql analytics.

—Å—Ç–∞–∂–∏—Ä–æ–≤–∫–∞ –æ–ø–ª–∞—á–∏–≤–∞–µ–º–∞—è –ø—Ä–æ–¥–æ–ª–∂–∏—Ç–µ–ª—å–Ω–æ—Å—Ç—å—é –æ—Ç 3 –¥–æ 6 –º–µ—Å—è—Ü–µ–≤.

–∏–Ω—Ñ–æ—Ä–º–∞—Ü–∏—è –æ –Ω–∞—Å—Ç–∞–≤–Ω–∏–∫–∞—Ö, –æ—Ç–∑—ã–≤—ã –∏ –ø–æ–¥–∞—á–∞ –∑–∞—è–≤–∫–∏ –ø–æ —Å—Å—ã–ª–∫–µ https://vk.cc/91f47u
–ø–æ –≤–æ–∑–Ω–∏–∫–∞—é—â–∏–º –≤–æ–ø—Ä–æ—Å–∞–º –ø–∏—Å–∞—Ç—å –Ω–∞ –ø–æ—á—Ç—É sberseasons_help@sberbank.ru.","['java', 'c', 'python', 'data science', '–¥–∏–∑–∞–π–Ω']"
"#leadercup #unilever #–∫–µ–π—Å—á–µ–º–ø–∏–æ–Ω–∞—Ç

–∫–µ–π—Å-—á–µ–º–ø–∏–æ–Ω–∞—Ç ""digital-marketing"" –æ—Ç unilever

üî• –≤—ã–∏–≥—Ä–∞–π –∫–∞—Ä—å–µ—Ä—É –≤ [club16417607|unilever]!

–Ω–∞ –¥–∞–Ω–Ω—ã–π –º–æ–º–µ–Ω—Ç, —Ü–∏—Ñ—Ä–æ–≤–∏–∑–∞—Ü–∏—è ‚Äì –æ–¥–∏–Ω –∏–∑ –≥–ª–∞–≤–Ω—ã—Ö —Ç—Ä–µ–Ω–¥–æ–≤ –≤ –∫—Ä—É–ø–Ω–æ–º –±–∏–∑–Ω–µ—Å–µ. –∫–∞–∂–¥–∞—è –∫–æ–º–ø–∞–Ω–∏—è –ø—ã—Ç–∞–µ—Ç—Å—è –∏—Å–ø–æ–ª—å–∑–æ–≤–∞—Ç—å –±–ª–∞–≥–∞ —Ç–µ—Ö–Ω–æ–ª–æ–≥–∏—á–µ—Å–∫–æ–≥–æ —Ä–∞–∑–≤–∏—Ç–∏—è —Å —Ü–µ–ª—å—é –æ–ø—Ç–∏–º–∏–∑–∞—Ü–∏–∏ —Å–æ–±—Å—Ç–≤–µ–Ω–Ω—ã—Ö –±–∏–∑–Ω–µ—Å-–ø—Ä–æ—Ü–µ—Å—Å–æ–≤ –∏ —É–≤–µ–ª–∏—á–µ–Ω–∏—è –∫–æ–Ω–µ—á–Ω–æ–π –ø—Ä–∏–±—ã–ª–∏. –∏ –∫–æ–º–ø–∞–Ω–∏—è unilever - –Ω–µ –∏—Å–∫–ª—é—á–µ–Ω–∏–µ.

–Ω–∞ —ç—Ç–æ—Ç —Ä–∞–∑ —Ç–µ–±–µ –ø—Ä–µ–¥—Å—Ç–æ–∏—Ç –ø–æ—É—á–∞—Å—Ç–≤–æ–≤–∞—Ç—å –≤ –±–æ—Ä—å–±–µ –∑–∞ —Ç–µ—Ö–Ω–æ–ª–æ–≥–∏—á–µ—Å–∫–æ–µ –ø–µ—Ä–≤–µ–Ω—Å—Ç–≤–æ –∏ –ø–æ–≥—Ä—É–∑–∏—Ç—å—Å—è –≤ –º–∏—Ä digital-–º–∞—Ä–∫–µ—Ç–∏–Ω–≥–∞ ‚Äì –ø–µ—Ä–µ–¥–æ–≤–æ–≥–æ –Ω–∞–ø—Ä–∞–≤–ª–µ–Ω–∏—è –≤ —Ä–µ–∫–ª–∞–º–µ –∏ –ø—Ä–æ–¥–∞–∂–∞—Ö.

—É—á–∞—Å—Ç–≤—É—è –≤ —á–µ–º–ø–∏–æ–Ω–∞—Ç–µ, —É —Ç–µ–±—è –ø–æ—è–≤–∏—Ç—Å—è –≤–æ–∑–º–æ–∂–Ω–æ—Å—Ç—å:

‚ñ∂ –ø–æ–ª—É—á–∏—Ç—å –ø—Ä–∏–≥–ª–∞—à–µ–Ω–∏–µ –Ω–∞ –æ–¥–Ω—É –∏–∑ –ø–µ—Ä–µ–¥–æ–≤—ã—Ö —Å—Ç–∞–∂–∏—Ä–æ–≤–æ–∫ –≤ unilever;

‚ñ∂ –ø–æ–≥—Ä—É–∑–∏—Ç—å—Å—è –≤ —Ä–µ–∞–ª—å–Ω—ã–π –±–∏–∑–Ω–µ—Å –∏ –ø–æ–ø—Ä–æ–±–æ–≤–∞—Ç—å —Å–µ–±—è –≤ —Å—Ñ–µ—Ä–µ digital-–º–∞—Ä–∫–µ—Ç–∏–Ω–≥–∞; 

‚ñ∂ –ø—Ä–∏–æ–±—Ä–µ—Å—Ç–∏ –Ω–∞–≤—ã–∫–∏, –∫–æ—Ç–æ—Ä—ã—Ö –Ω–µ –ø–æ–ª—É—á–∏—Ç—å –≤ —É–Ω–∏–≤–µ—Ä—Å–∏—Ç–µ—Ç–µ

‚ñ∂ –≤—ã–∏–≥—Ä–∞—Ç—å —Ü–µ–Ω–Ω—ã–µ –ø—Ä–∏–∑—ã –∏ –ø–æ–¥–∞—Ä–∫–∏ –æ—Ç [club16417607|unilever careers] –∏ [club168581245|leadercup] 

–µ—Å–ª–∏ —Ç—ã —Ö–æ—á–µ—à—å –ø–æ–≥—Ä—É–∑–∏—Ç—å—Å—è –≤ –ø–µ—Ä–µ–¥–æ–≤—É—é —Å—Ñ–µ—Ä—É –±–∏–∑–Ω–µ—Å–∞, –Ω–∞—É—á–∏—Ç—å—Å—è —Ä–∞–±–æ—Ç–∞—Ç—å –≤ –∫–æ–º–∞–Ω–¥–µ –∏ –ø—Ä–µ–∑–µ–Ω—Ç–æ–≤–∞—Ç—å —Å–≤–æ–∏ –∏–¥–µ–∏, –∞ –≥–ª–∞–≤–Ω–æ–µ, –ø–æ–±–æ—Ä–æ—Ç—å—Å—è –∑–∞ –≤–æ–∑–º–æ–∂–Ω–æ—Å—Ç—å –ø—Ä–æ–π—Ç–∏ —Å—Ç–∞–∂–∏—Ä–æ–≤–∫—É –≤–æ –≤—Å–µ–º–∏—Ä–Ω–æ–∏–∑–≤–µ—Å—Ç–Ω–æ–π –∫–æ–º–ø–∞–Ω–∏–∏ unilever, —Ç–æ —ç—Ç–æ –¥–ª—è —Ç–µ–±—è!

üí¨ –∏–Ω—Ñ–æ—Ä–º–∞—Ü–∏—è –æ —Å—Ç–∞–∂–∏—Ä–æ–≤–∫–∞—Ö: https://m.hh.ru/employer/4108#leader

—Å–¥–µ–ª–∞–π —É–≤–µ—Ä–µ–Ω–Ω—ã–π —à–∞–≥ –Ω–∞–≤—Å—Ç—Ä–µ—á—É —É—Å–ø–µ—à–Ω–æ–π –∫–∞—Ä—å–µ—Ä–µ!

üìå —Å–∞–Ω–∫—Ç-–ø–µ—Ç–µ—Ä–±—É—Ä–≥; –º–æ—Å–∫–≤–∞
üìÖ —Ä–µ–≥–∏—Å—Ç—Ä–∞—Ü–∏—è: –¥–æ 10 –º–∞—è 2019 –≥. 

https://leadercup.ru/event/unilever",['c']
"#–∏—Ç–º–æ—Å—Ç–∞–∂–∏—Ä–æ–≤–∫–∞

–ª–µ—Ç–Ω—è—è —Å—Ç–∞–∂–∏—Ä–æ–≤–∫–∞ –≤–æ –≤–∫–æ–Ω—Ç–∞–∫—Ç–µ üôåüèª

–≤–æ—Å–µ–º—å –∫–æ–º–∞–Ω–¥ vk –ø—Ä–∏–º—É—Ç –≤ —Å–≤–æ–∏ —Ä—è–¥—ã —Å—Ç–∞–∂—ë—Ä–æ–≤ –¥–ª—è —Ä–∞–±–æ—Ç—ã –Ω–∞–¥ —Ä–µ–∞–ª—å–Ω—ã–º–∏ –∑–∞–¥–∞—á–∞–º–∏ –∏ —ç–∫—Å–ø–µ—Ä–∏–º–µ–Ω—Ç–∞–ª—å–Ω—ã–º–∏ –∑–∞–¥–∞–Ω–∏—è–º–∏, —Ä–µ–∑—É–ª—å—Ç–∞—Ç–æ–º –∫–æ—Ç–æ—Ä—ã—Ö —Å—Ç–∞–Ω–µ—Ç –∑–∞–∫–æ–Ω—á–µ–Ω–Ω—ã–π –ø—Ä–æ–¥—É–∫—Ç. 
—Å—Ç–∞–∂–∏—Ä–æ–≤–∫–∞ –æ–ø–ª–∞—á–∏–≤–∞–µ–º–∞—è –∏ –ø—Ä–æ–¥–ª–∏—Ç—Å—è –¥–≤–∞ –º–µ—Å—è—Ü–∞ ‚Äî —Å 15 –∏—é–ª—è –ø–æ 15 —Å–µ–Ω—Ç—è–±—Ä—è –≤ —à—Ç–∞–±–µ –∫–æ–º–ø–∞–Ω–∏–∏ –≤ —Å–∞–Ω–∫—Ç-–ø–µ—Ç–µ—Ä–±—É—Ä–≥–µ.

–ø–æ–¥—Ä–æ–±–Ω–µ–µ –æ –∫–∞–∂–¥–æ–π –∫–æ–º–∞–Ω–¥–µ –∏ –æ —Ç–æ–º, –∫–∞–∫ –ø–æ–¥–∞—Ç—å –∑–∞—è–≤–∫—É, —á–∏—Ç–∞–µ–º –≤ —Å—Ç–∞—Ç—å–µ. 
–ø–æ–¥—Ä–æ–±–Ω–µ–µ –æ —Ä–∞–±–æ—Ç–µ –∏ –¥–æ—Å—Ç—É–ø–Ω—ã—Ö –ø–æ–∑–∏—Ü–∏—è—Ö –≤ vk –≤ —Ü–µ–ª–æ–º ‚Äî https://vk.cc/2zj2n4.",[]
"–≤–Ω–∏–º–∞–Ω–∏–µ! –≤–Ω–∏–º–∞–Ω–∏–µ!

–æ—Å—Ç–∞–ª–æ—Å—å 2 –¥–Ω—è –¥–æ –ø—Ä–∏–µ–º–∞ –∑–∞—è–≤–æ–∫ –Ω–∞ fyouture case-battle –æ—Ç –∫–æ–º–ø–∞–Ω–∏–∏ philip morris international!

–∫–µ–π—Å-–±–∞—Ç—Ç–ª —Å —Ä–µ—à–µ–Ω–∏–µ–º —Ä–µ–∞–ª—å–Ω—ã—Ö –±–∏–∑–Ω–µ—Å-–∑–∞–¥–∞—á –¥–ª—è –∏–Ω–Ω–æ–≤–∞—Ü–∏–æ–Ω–Ω–æ–≥–æ –ø—Ä–æ–¥—É–∫—Ç–∞. –ø–æ–±–µ–¥–∏—Ç–µ–ª–∏ –ø–æ–ª—É—á–∞—Ç fast track –Ω–∞ —Å—Ç–∞–∂–∏—Ä–æ–≤–∫—É inkompass –∏–ª–∏ —Å—Ç–∞—Ä—Ç–æ–≤—É—é –ø–æ–∑–∏—Ü–∏—é –≤ –∫–æ–º–ø–∞–Ω–∏–∏. 

—É—á–∞—Å—Ç–Ω–∏–∫–∞–º–∏ –º–æ–≥—É—Ç —Å—Ç–∞—Ç—å: 
 
‚Ä¢ 2 ‚Äî 4 –∫—É—Ä—Å –±–∞–∫–∞–ª–∞–≤—Ä–∏–∞—Ç–∞ –∏–ª–∏ –Ω–∞ 1 ‚Äî 2 –∫—É—Ä—Å –º–∞–≥–∏—Å—Ç—Ä–∞—Ç—É—Ä—ã 
‚Ä¢ —Å —É—Ä–æ–≤–Ω–µ–º –∞–Ω–≥–ª–∏–π—Å–∫–æ–≥–æ intermediate –∏ –≤—ã—à–µ 
‚Ä¢ —Å –∂–µ–ª–∞–Ω–∏–µ–º —Ä–∞–∑—Ä–∞–±–∞—Ç—ã–≤–∞—Ç—å –∏–Ω–Ω–æ–≤–∞—Ü–∏–æ–Ω–Ω—ã–µ —Ä–µ—à–µ–Ω–∏—è —Ä–µ–∞–ª—å–Ω—ã—Ö –ø—Ä–æ–±–ª–µ–º.

–¥–æ—Å—Ç—É–ø–Ω–∞ –∏–Ω–¥–∏–≤–∏–¥—É–∞–ª—å–Ω–∞—è –∏ –∫–æ–º–∞–Ω–¥–Ω–∞—è —Ä–µ–≥–∏—Å—Ç—Ä–∞—Ü–∏—è.

–ø–æ–¥–∞—Ç—å –∑–∞—è–≤–∫—É ‚û° https://goo.gl/cevtcv","['c', '–∞–Ω–≥–ª–∏–π—Å–∫–∏–π']"
"–∫–æ–º–ø–∞–Ω–∏—è –∏–Ω—Ñ–æ—Ç–µ–∫—Å –æ—Ç–∫—Ä—ã–ª–∞ –Ω–∞–±–æ—Ä –Ω–∞ –æ–ø–ª–∞—á–∏–≤–∞–µ–º—É—é —Å—Ç–∞–∂–∏—Ä–æ–≤–∫—É. 

#–∏—Ç–º–æ—Å—Ç–∞–∂–∏—Ä–æ–≤–∫–∞
 
—É–∂–µ –≤ –Ω–∞—á–∞–ª–µ –æ—Å–µ–Ω–∏ —É –≤–∞—Å –±—É–¥–µ—Ç –≤–æ–∑–º–æ–∂–Ω–æ—Å—Ç—å –ø—Ä–∏—Å–æ–µ–¥–∏–Ω–∏—Ç—å—Å—è –∫ –∫–æ–º–∞–Ω–¥–µ –∏–Ω—Ñ–æ—Ç–µ–∫—Å. –≤ —Ç–µ—á–µ–Ω–∏–µ 4 –º–µ—Å—è—Ü–µ–≤ –≤—ã –ø—Ä–æ–∫–∞—á–∞–µ—Ç–µ —Å–≤–æ–∏ —Å–∫–∏–ª–ª—ã –±–µ–∑ –æ—Ç—Ä—ã–≤–∞ –æ—Ç —É—á–µ–±—ã, –∞ —Ç–∞–∫–∂–µ –ø–æ–ª—É—á–∏—Ç–µ –≤–æ–∑–º–æ–∂–Ω–æ—Å—Ç—å –¥–∞–ª—å–Ω–µ–π—à–µ–≥–æ —Ç—Ä—É–¥–æ—É—Å—Ç—Ä–æ–π—Å—Ç–≤–∞ –≤ –∫–æ–º–ø–∞–Ω–∏—é. 
 
–Ω–∞–ø—Ä–∞–≤–ª–µ–Ω–∏—è —Å—Ç–∞–∂–∏—Ä–æ–≤–∫–∏: c, c++, python, js, –∞–≤—Ç–æ—Ç–µ—Å—Ç–∏—Ä–æ–≤–∞–Ω–∏–µ (java), —Ä—É—á–Ω–æ–µ —Ç–µ—Å—Ç–∏—Ä–æ–≤–∞–Ω–∏–µ, devops (build –∏–Ω–∂–µ–Ω–µ—Ä), —Å–∏—Å—Ç–µ–º–Ω–æ–µ –∞–¥–º–∏–Ω–∏—Å—Ç—Ä–∏—Ä–æ–≤–∞–Ω–∏–µ, –∞–Ω–∞–ª–∏—Ç–∏–∫–∞. 
 
–∑–∞—è–≤–∫–∏ –ø—Ä–∏–Ω–∏–º–∞—é—Ç—Å—è –¥–æ 2 —Å–µ–Ω—Ç—è–±—Ä—è. –∞–Ω–∫–µ—Ç—É –Ω—É–∂–Ω–æ –∑–∞–ø–æ–ª–Ω–∏—Ç—å –ø–æ —Å—Å—ã–ª–∫–µ https://vk.cc/9eowxd.","['java', 'c', 'python', '–∞–Ω–∞–ª–∏—Ç–∏–∫', '—Ç–µ—Å—Ç–∏—Ä–æ–≤–∞–Ω–∏–µ', '–∏–Ω–∂–µ–Ω–µ—Ä']"
"–º–µ—á—Ç–∞–ª –ø–æ—É—á–∏—Ç—å—Å—è –∑–∞ –≥—Ä–∞–Ω–∏—Ü–µ–π? 

—Ç–æ–≥–¥–∞ —Å–µ–º–µ—Å—Ç—Ä–æ–≤—ã–π –æ–±–º–µ–Ω ‚Äî —Ç–æ, —á—Ç–æ –Ω—É–∂–Ω–æ! —Å–∫–æ—Ä–µ–µ –ø–æ–¥–∞–≤–∞–π –∑–∞—è–≤–∫—É —á–µ—Ä–µ–∑ –ª–∏—á–Ω—ã–π –∫–∞–±–∏–Ω–µ—Ç –≤ –∏—Å—É. –Ω–µ –∑–∞–±—É–¥—å –æ —Ä–µ–∑—é–º–µ, –º–æ—Ç–∏–≤–∞—Ü–∏–æ–Ω–Ω–æ–º –ø–∏—Å—å–º–µ –Ω–∞ –∞–Ω–≥–ª–∏–π—Å–∫–æ–º —è–∑—ã–∫–µ –∏ —Å–µ—Ä—Ç–∏—Ñ–∏–∫–∞—Ç–µ –æ –∑–Ω–∞–Ω–∏–∏ –∏–Ω–æ—Å—Ç—Ä–∞–Ω–Ω–æ–≥–æ —è–∑—ã–∫–∞ –Ω–µ –Ω–∏–∂–µ b2. easy peasy lemon squeezy! 

–¥–µ–¥–ª–∞–π–Ω –ø—Ä–∏–µ–º–∞ –∑–∞—è–≤–æ–∫: 22 —Å–µ–Ω—Ç—è–±—Ä—è –≤–∫–ª—é—á–∏—Ç–µ–ª—å–Ω–æ.

–ø–æ–¥—Ä–æ–±–Ω—ã–π –≥–∏–¥ –∏ –±–æ–ª—å—à–µ –∏–Ω—Ñ–æ—Ä–º–∞—Ü–∏–∏ ‚Äî https://vk.cc/9nrfqi –∏ [club170961088|itmo student exchange]","['c', '–∞–Ω–≥–ª–∏–π—Å–∫–∏–π']"
"–µ—â–µ 5 –¥–Ω–µ–π, —á—Ç–æ–±—ã –ø–æ–¥–∞—Ç—å –∑–∞—è–≤–∫—É –Ω–∞ –≤–µ—Å–µ–Ω–Ω–∏–π ¬´–æ—Ç–∫—Ä—ã—Ç—ã–π —Å–º–æ–ª—å–Ω—ã–π¬ª!
 
—Ä–µ–≥–∏—Å—Ç—Ä–∞—Ü–∏—è –¥–æ 5 –º–∞—è. —Å—Ç–∞–∂–∏—Ä–æ–≤–∫–∞ - —Å–µ—Ä–µ–¥–∏–Ω–∞ –º–∞—è.

–æ–¥–Ω–æ–¥–Ω–µ–≤–Ω–∞—è —Å—Ç–∞–∂–∏—Ä–æ–≤–∫–∞ ¬´–æ—Ç–∫—Ä—ã—Ç—ã–π —Å–º–æ–ª—å–Ω—ã–π¬ª –¥–ª—è —Å—Ç—É–¥–µ–Ω—Ç–æ–≤ –∏ –≤—ã–ø—É—Å–∫–Ω–∏–∫–æ–≤ –ø–µ—Ç–µ—Ä–±—É—Ä–≥—Å–∫–∏—Ö –≤—É–∑–æ–≤. —Ç–µ–º–∞ ‚Äì ¬´—Ä–∞–∑–≤–∏—Ç–∏–µ –º–∞—Å—Å–æ–≤–æ–≥–æ —Å–ø–æ—Ä—Ç–∞ –≤ —Å–∞–Ω–∫—Ç-–ø–µ—Ç–µ—Ä–±—É—Ä–≥–µ¬ª. 

- –∑–∞—Ö–æ–¥–∏–º –Ω–∞ –∫–∞–¥—Ä–æ–≤—ã–π –ø–æ—Ä—Ç–∞–ª –≤ —Ä–∞–∑–¥–µ–ª ¬´–ø—Ä–∞–∫—Ç–∏–∫–∞ –∏ —Å—Ç–∞–∂–∏—Ä–æ–≤–∫–∏¬ª https://vk.cc/5nlssp;
- –∑–∞–ø–æ–ª–Ω—è–µ–º –∞–Ω–∫–µ—Ç—É;
- –ø—Ä–∏–∫—Ä–µ–ø–ª—è–µ–º –æ—Ç–¥–µ–ª—å–Ω—ã–º —Ñ–∞–π–ª–æ–º —Ä–µ—à–µ–Ω–∏–µ –∫–µ–π—Å–∞: —Å–≤–æ–∏ –ø—Ä–µ–¥–ª–æ–∂–µ–Ω–∏—è –Ω–∞ —Ç–µ–º—É ¬´–ø–æ–ø—É–ª—è—Ä–∏–∑–∞—Ü–∏—è –º–∞—Å—Å–æ–≤–æ–≥–æ —Å–ø–æ—Ä—Ç–∞ –≤ —Å–∞–Ω–∫—Ç-–ø–µ—Ç–µ—Ä–±—É—Ä–≥–µ¬ª. 
 
—Å—Ç–∞–∂–∏—Ä–æ–≤–∫—É –ø—Ä–æ–≤–æ–¥–∏—Ç –∞–¥–º–∏–Ω–∏—Å—Ç—Ä–∞—Ü–∏—è –≥—É–±–µ—Ä–Ω–∞—Ç–æ—Ä–∞ —Å–∞–Ω–∫—Ç-–ø–µ—Ç–µ—Ä–±—É—Ä–≥–∞ —Å–æ–≤–º–µ—Å—Ç–Ω–æ —Å –∫–æ–º–∏—Ç–µ—Ç–æ–º –ø–æ —Ñ–∏–∑–∏—á–µ—Å–∫–æ–π –∫—É–ª—å—Ç—É—Ä–µ –∏ —Å–ø–æ—Ä—Ç—É. 
 
üí•–µ—Å–ª–∏ –≤—ã —É—Å–ø–µ—à–Ω–æ –ø—Ä–æ—à–ª–∏ –æ—Ç–±–æ—Ä –∏ —Ñ–∏–Ω–∞–ª—å–Ω—ã–π —ç—Ç–∞–ø, —Ç–æ –≤–∞—Å –∂–¥–µ—Ç —É–Ω–∏–∫–∞–ª—å–Ω–∞—è –≤–æ–∑–º–æ–∂–Ω–æ—Å—Ç—å 
- –ø—Ä–æ–π—Ç–∏ —Å—Ç–∞–∂–∏—Ä–æ–≤–∫—É –≤ –æ—Ä–≥–∞–Ω–∞—Ö –≤–ª–∞—Å—Ç–∏ —Å–∞–Ω–∫—Ç-–ø–µ—Ç–µ—Ä–±—É—Ä–≥–∞ –≤ –±—É–¥—É—â–µ–º; 
- –ø–æ–ª—É—á–∏—Ç—å –ø–æ–¥–¥–µ—Ä–∂–∫—É –≤ –Ω–∞–ø–∏—Å–∞–Ω–∏–∏ –Ω–∞—É—á–Ω–æ–π —Ä–∞–±–æ—Ç—ã; 
- –ø—Ä–∏–Ω—è—Ç—å —É—á–∞—Å—Ç–∏–µ –≤ –æ–±—Ä–∞–∑–æ–≤–∞—Ç–µ–ª—å–Ω—ã—Ö –º–µ—Ä–æ–ø—Ä–∏—è—Ç–∏—è—Ö, —Ä–µ–∞–ª–∏–∑—É–µ–º—ã—Ö –¥–ª—è –º–æ–ª–æ–¥–µ–∂–Ω–æ–≥–æ –∫–∞–¥—Ä–æ–≤–æ–≥–æ —Ä–µ–∑–µ—Ä–≤–∞ —Å–∞–Ω–∫—Ç-–ø–µ—Ç–µ—Ä–±—É—Ä–≥–∞. 
 
#–∏—Ç–º–æ—Å—Ç–∞–∂–∏—Ä–æ–≤–∫–∞",[]
"–µ—Å–ª–∏ –≤—ã –ø—Ä–æ–ø—É—Å—Ç–∏–ª–∏ –¥–µ–¥–ª–∞–π–Ω –∏ –Ω–µ —É—Å–ø–µ–ª–∏ –ø–æ–¥–∞—Ç—å –∑–∞—è–≤–∫—É –Ω–∞ –∫–æ–Ω–∫—É—Ä—Å –∞–∫–∞–¥–µ–º–∏—á–µ—Å–∫–æ–π –º–æ–±–∏–ª—å–Ω–æ—Å—Ç–∏ –Ω–∞ —Å–µ–º–µ—Å—Ç—Ä–æ–≤—ã–π –æ–±–º–µ–Ω - –Ω–µ –ø–µ—Ä–µ–∂–∏–≤–∞–π—Ç–µ! —É–Ω–∏–≤–µ—Ä—Å–∏—Ç–µ—Ç –∏—Ç–º–æ –ø—Ä–µ–¥–æ—Å—Ç–∞–≤–ª—è–µ—Ç –≤–æ–∑–º–æ–∂–Ω–æ—Å—Ç—å —É—á–∞—Å—Ç–∏—è –≤ –∫—Ä–∞—Ç–∫–æ—Å—Ä–æ—á–Ω—ã—Ö —Å—Ç–∞–∂–∏—Ä–æ–≤–∫–∞—Ö –∏ –ª–µ—Ç–Ω–∏—Ö —à–∫–æ–ª–∞—Ö. —á–∏—Ç–∞–π—Ç–µ –∏—Å—Ç–æ—Ä–∏–∏ –¥—Ä—É–≥–∏—Ö —Å—Ç—É–¥–µ–Ω—Ç–æ–≤ –∏ –≤–¥–æ—Ö–Ω–æ–≤–ª—è–π—Ç–µ—Å—å: http://news.ifmo.ru/ru/education/students/news/7912/
–∑–∞ –ø–æ–¥—Ä–æ–±–Ω–æ–π –∏–Ω—Ñ–æ—Ä–º–∞—Ü–∏–µ–π: https://int.itmo.ru/ru/internship
–∫–æ–Ω—Ç–∞–∫—Ç–Ω–æ–µ –ª–∏—Ü–æ: –∫—Å–µ–Ω–∏—è –Ω–∏–∫–æ–ª–∞–µ–≤–Ω–∞ –≥–ª—É—à–∫–æ–≤–∞ kseniyaglushkova@corp.ifmo.ru",['c']
"‚ùódeutsche bank technology center –æ—Ç–∫—Ä—ã–≤–∞–µ—Ç –Ω–æ–≤—ã–π –Ω–∞–±–æ—Ä –Ω–∞ —Å–≤–æ–∏ –ø—Ä–æ–≥—Ä–∞–º–º—ã:

üì¢graduate programme 2020 - —Å–ø–µ—Ü–∏–∞–ª—å–Ω–∞—è –ø—Ä–æ–≥—Ä–∞–º–º–∞ —Ç—Ä—É–¥–æ—É—Å—Ç—Ä–æ–π—Å—Ç–≤–∞ –≤—ã–ø—É—Å–∫–Ω–∏–∫–æ–≤ 2019 –∏–ª–∏ 2020 –≥–æ–¥–∞ –ø–æ —Å–ø–µ—Ü–∏–∞–ª—å–Ω–æ—Å—Ç—è–º: it, –ø—Ä–∏–∫–ª–∞–¥–Ω–∞—è –º–∞—Ç–µ–º–∞—Ç–∏–∫–∞, —Ñ–∏–∑–∏–∫–∞ (–±–∞–∫–∞–ª–∞–≤—Ä, –º–∞–≥–∏—Å—Ç—Ä –∏–ª–∏ —Å–ø–µ—Ü–∏–∞–ª–∏—Å—Ç). –∏ —Ç–∞–∫, –¥–ª—è –∏–Ω—Ñ–æ—Ä–º–∞—Ü–∏–∏, –∫–æ–≥–¥–∞ –ø—Ä–æ–π–¥–µ—Ç–µ –æ—Ç–±–æ—Ä, –≤–∞—Å –±—É–¥–µ—Ç –∂–¥–∞—Ç—å –ø–æ–µ–∑–¥–∫–∞ –Ω–∞ –æ–±—É—á–µ–Ω–∏–µ –≤ –ª–æ–Ω–¥–æ–Ωüòé 

üì¢summer internship - –æ–ø–ª–∞—á–∏–≤–∞–µ–º–∞—è —Å—Ç–∞–∂–∏—Ä–æ–≤–∫–∞ –¥–ª—è —Å—Ç—É–¥–µ–Ω—Ç–æ–≤ 4, 5 –∏ 6 –∫—É—Ä—Å–æ–≤, –æ–±—É—á–∞—é—â–∏—Ö—Å—è –ø–æ —Å–ø–µ—Ü–∏–∞–ª—å–Ω–æ—Å—Ç—è–º: –∏–Ω—Ñ–æ—Ä–º–∞—Ü–∏–æ–Ω–Ω—ã–µ –∏ –∫–æ–º–ø—å—é—Ç–µ—Ä–Ω—ã–µ —Ç–µ—Ö–Ω–æ–ª–æ–≥–∏–∏, –ø—Ä–∏–∫–ª–∞–¥–Ω–∞—è –º–∞—Ç–µ–º–∞—Ç–∏–∫–∞, —Ñ–∏–∑–∏–∫–∞

–±–æ–ª–µ–µ –ø–æ–¥—Ä–æ–±–Ω–∞—è –∏–Ω—Ñ–æ—Ä–º–∞—Ü–∏—èüëâüèª https://vk.cc/a7wfty",['c']
"#–∏—Ç–º–æ—Å—Ç–∞–∂–∏—Ä–æ–≤–∫–∞

unilever –∑–Ω–∞–µ—Ç –∫–∞–∫ —Å–¥–µ–ª–∞—Ç—å —Ç–≤–æ–µ –ª–µ—Ç–æ –Ω–µ–∑–∞–±—ã–≤–∞–µ–º—ã–º! 
–æ—Ç–∫—Ä–æ–π –Ω–æ–≤—ã–π –ª–µ—Ç–Ω–∏–π —Å–µ–∑–æ–Ω —Å—Ç–∞–∂–∏—Ä–æ–≤–∫–∏ ulip, –ø–æ–ø–∞–¥–∏ –≤ –¥—Ä—É–∂–Ω—É—é –∫–æ–º–∞–Ω–¥—É –∏ –ø–æ–ª—É—á–∏ –≤–æ–∑–º–æ–∂–Ω–æ—Å—Ç—å –ø—Ä–æ–¥–æ–ª–∂–∏—Ç—å —Å–≤–æ—é –∫–∞—Ä—å–µ—Ä—É –≤ unilever. 
 
–µ—Å–ª–∏ —Ç—ã: 
‚Ä¢ —É—á–∏—à—å—Å—è –Ω–∞ 3-6 –∫—É—Ä—Å–µ –±–∞–∫–∞–ª–∞–≤—Ä–∏–∞—Ç–∞/—Å–ø–µ—Ü–∏–∞–ª–∏—Ç–µ—Ç–∞ –∏–ª–∏ 1-2 –∫—É—Ä—Å–µ –º–∞–≥–∏—Å—Ç—Ä–∞—Ç—É—Ä—ã 
‚Ä¢ –≤–ª–∞–¥–µ–µ—à—å –∞–Ω–≥–ª–∏–π—Å–∫–∏–º —è–∑—ã–∫–æ–º –Ω–∞ —É—Ä–æ–≤–Ω–µ intermediate –∏ –≤—ã—à–µ 
‚Ä¢ —Ö–æ—á–µ—à—å –∑–∞–ø—É—Å—Ç–∏—Ç—å —Å–≤–æ–π –±–∏–∑–Ω–µ—Å-–ø—Ä–æ–µ–∫—Ç –ø–æ–¥ —Ä—É–∫–æ–≤–æ–¥—Å—Ç–≤–æ–º –æ–ø—ã—Ç–Ω—ã—Ö —Å–æ—Ç—Ä—É–¥–Ω–∏–∫–æ–≤ –∫–æ–º–ø–∞–Ω–∏–∏ –∏ —Å–¥–µ–ª–∞—Ç—å –æ—Ç–ª–∏—á–Ω—ã–π —Å—Ç–∞—Ä—Ç —Å–≤–æ–µ–π –∫–∞—Ä—å–µ—Ä—ã. 

5 –≥–æ—Ä–æ–¥–æ–≤ (–º–æ—Å–∫–≤–∞, —Å–∞–Ω–∫—Ç-–ø–µ—Ç–µ—Ä–±—É—Ä–≥, —Ç—É–ª–∞, –æ–º—Å–∫, –µ–∫–∞—Ç–µ—Ä–∏–Ω–±—É—Ä–≥) –∏ 8 –Ω–∞–ø—Ä–∞–≤–ª–µ–Ω–∏–π –∂–¥—É—Ç —Ç–µ–±—è. –∑–¥–µ—Å—å —Ç—ã —Å–º–æ–∂–µ—à—å: 

‚Ä¢ –∏–∑—É—á–∏—Ç—å –≤—Å–µ —Ç–æ–Ω–∫–æ—Å—Ç–∏ –≤ legal 
‚Ä¢ –∑–∞–ø—É—Å—Ç–∏—Ç—å –Ω–æ–≤–∏–Ω–∫–∏ –≤–º–µ—Å—Ç–µ —Å customer development 
‚Ä¢ —Ä–∞–∑—Ä–∞–±–æ—Ç–∞—Ç—å –Ω–æ–≤—ã–µ —Ñ–æ—Ä–º—É–ª—ã –≤ research and development 
‚Ä¢ –ø–æ–≥—Ä—É–∑–∏—Ç—å—Å—è –≤ –¥–∏–¥–∂–∏—Ç–∞–ª-–ø—Ä–æ—Ü–µ—Å—Å—ã —Å it 
‚Ä¢ —Å—Ç–∞—Ç—å –ª–∏–¥–µ—Ä–æ–º –∞–≤—Ç–æ–º–∞—Ç–∏–∑–∞—Ü–∏–∏ –≤ supply chain 
‚Ä¢ –ø–æ–º–æ—á—å —Ç–∞–ª–∞–Ω—Ç–∞–º —Ä–∞–∑–≤–∏–≤–∞—Ç—å —Ç–∞–ª–∞–Ω—Ç—ã —Å –∫–æ–º–∞–Ω–¥–æ–π human resources 
‚Ä¢ –ø–æ—Å—Ç—Ä–æ–∏—Ç—å –Ω–æ–≤—ã–µ –∞–Ω–∞–ª–∏—Ç–∏—á–µ—Å–∫–∏–µ –º–æ–¥–µ–ª–∏ –≤ finance 
‚Ä¢ –∑–∞–¥–∞—Ç—å —Ç—Ä–µ–Ω–¥—ã –≤ marketing 
 
–ª–µ—Ç–æ –±–ª–∏–∑–∫–æ! ü§ó
–ø–æ–¥–∞—Ç—å –∑–∞—è–≤–∫—É –Ω–∞ ulip –æ—á–µ–Ω—å –ª–µ–≥–∫–æ: –Ω–∞–ø–∏—à–∏ –±–æ—Ç—É —Å–ª–æ–≤–æ ¬´—Å—Ç–∞–∂–∏—Ä–æ–≤–∫–∞¬ª –≤ —á–∞—Ç–µ —Å —Å–æ–æ–±—â–µ—Å—Ç–≤–æ–º https://vk.cc/8u0ndi.","['c', '–∞–Ω–≥–ª–∏–π—Å–∫–∏–π']"
"#ulip #beuinu #unileverrussia #unileaders #tomorrowmakers

–æ—Ç–∫—Ä–æ–π –Ω–æ–≤—ã–π —Å–µ–∑–æ–Ω —Å—Ç–∞–∂–∏—Ä–æ–≤–∫–∏ ulip –≤–º–µ—Å—Ç–µ —Å –Ω–∞–º–∏.
–º—ã –ø—Ä–µ–¥–ª–∞–≥–∞–µ–º –æ—Ç–ª–∏—á–Ω—ã–π —Å—Ü–µ–Ω–∞—Ä–∏–π —Ç–≤–æ–µ–≥–æ —Ä–∞–∑–≤–∏—Ç–∏—è, –¥—Ä—É–∂–Ω—É—é –∫–æ–º–∞–Ω–¥—É –∏ –≤–æ–∑–º–æ–∂–Ω–æ—Å—Ç—å –ø—Ä–æ–¥–æ–ª–∂–∏—Ç—å —Å–≤–æ—é –∫–∞—Ä—å–µ—Ä—É –≤ unilever.

–ø—Ä–æ–π—Ç–∏ —Å—Ç–∞–∂–∏—Ä–æ–≤–∫—É –º–æ–∂–Ω–æ –≤ 5 –≥–æ—Ä–æ–¥–∞—Ö:
‚Ä¢ –º–æ—Å–∫–≤–∞
‚Ä¢ —Å–∞–Ω–∫—Ç-–ø–µ—Ç–µ—Ä–±—É—Ä–≥
‚Ä¢ —Ç—É–ª–∞
‚Ä¢ –æ–º—Å–∫
‚Ä¢ –µ–∫–∞—Ç–µ—Ä–∏–Ω–±—É—Ä–≥

–∏ –≤—ã–±—Ä–∞—Ç—å –æ–¥–Ω–æ –∏–∑ 8 –Ω–∞–ø—Ä–∞–≤–ª–µ–Ω–∏–π:
‚Ä¢ –∏–∑—É—á–∏—Ç—å –≤—Å–µ —Ç–æ–Ω–∫–æ—Å—Ç–∏ –≤ legal
‚Ä¢ –∑–∞–ø—É—Å—Ç–∏—Ç—å –Ω–æ–≤–∏–Ω–∫–∏ –≤–º–µ—Å—Ç–µ —Å customer development
‚Ä¢ —Ä–∞–∑—Ä–∞–±–æ—Ç–∞—Ç—å –Ω–æ–≤—ã–µ —Ñ–æ—Ä–º—É–ª—ã –≤ research and development
‚Ä¢ –ø–æ–≥—Ä—É–∑–∏—Ç—å—Å—è –≤ –¥–∏–¥–∂–∏—Ç–∞–ª-–ø—Ä–æ—Ü–µ—Å—Å—ã —Å it
‚Ä¢ —Å—Ç–∞—Ç—å –ª–∏–¥–µ—Ä–æ–º –∞–≤—Ç–æ–º–∞—Ç–∏–∑–∞—Ü–∏–∏ –≤ supply chain
‚Ä¢ –ø–æ–º–æ—á—å —Ç–∞–ª–∞–Ω—Ç–∞–º —Ä–∞–∑–≤–∏–≤–∞—Ç—å —Ç–∞–ª–∞–Ω—Ç—ã —Å –∫–æ–º–∞–Ω–¥–æ–π human resources
‚Ä¢ –ø–æ—Å—Ç—Ä–æ–∏—Ç—å –Ω–æ–≤—ã–µ –∞–Ω–∞–ª–∏—Ç–∏—á–µ—Å–∫–∏–µ –º–æ–¥–µ–ª–∏ –≤ finance
‚Ä¢ –∑–∞–¥–∞—Ç—å —Ç—Ä–µ–Ω–¥—ã –≤ marketing

–µ—Å–ª–∏ —Ç—ã:
‚Ä¢ —É—á–∏—à—å—Å—è –Ω–∞ 3-6 –∫—É—Ä—Å–µ –±–∞–∫–∞–ª–∞–≤—Ä–∏–∞—Ç–∞/—Å–ø–µ—Ü–∏–∞–ª–∏—Ç–µ—Ç–∞ –∏–ª–∏ 1-2 –∫—É—Ä—Å–µ –º–∞–≥–∏—Å—Ç—Ä–∞—Ç—É—Ä—ã
‚Ä¢ —Ö–æ—á–µ—à—å –ø—Ä–∏–Ω—è—Ç—å —É—á–∞—Å—Ç–∏–µ –≤ —Ä–µ–∞–ª—å–Ω–æ–º –±–∏–∑–Ω–µ—Å-–ø—Ä–æ–µ–∫—Ç–µ –ø–æ–¥ —Ä—É–∫–æ–≤–æ–¥—Å—Ç–≤–æ–º –æ–ø—ã—Ç–Ω—ã—Ö —Å–æ—Ç—Ä—É–¥–Ω–∏–∫–æ–≤ –∫–æ–º–ø–∞–Ω–∏–∏ –∏ 
‚Ä¢ –≥–æ—Ç–æ–≤ –∫ —Å—Ç—Ä–µ–º–∏—Ç–µ–ª—å–Ω–æ–º—É —Å—Ç–∞—Ä—Ç—É —Å–≤–æ–µ–π –∫–∞—Ä—å–µ—Ä—ã

–ø–æ–¥–∞–π –∑–∞—è–≤–∫—É –Ω–∞ ulip –ø—Ä—è–º–æ –≤ –≤–∫, –Ω–∞–ø–∏—à–∏ –Ω–∞—à–µ–º—É –±–æ—Ç—É —Å–ª–æ–≤–æ ‚Äú—Å—Ç–∞–∂–∏—Ä–æ–≤–∫–∞‚Äù –≤ —á–∞—Ç–µ —Å —Å–æ–æ–±—â–µ—Å—Ç–≤–æ–º https://vk.com/im?sel=-16417607

--
–∑–∞—è–≤–∫–∏ —Ä–∞—Å—Å–º–∞—Ç—Ä–∏–≤–∞—é—Ç—Å—è –≤ —Ç–µ—á–µ–Ω–∏–µ 1-2 –Ω–µ–¥–µ–ª—å, –Ω–æ –Ω–µ –ø–µ—Ä–µ–∂–∏–≤–∞–π, –º—ã –≤—Å–µ–≥–¥–∞ –ø—Ä–µ–¥–æ—Å—Ç–∞–≤–ª—è–µ–º –æ–±—Ä–∞—Ç–Ω—É—é —Å–≤—è–∑—å –≤–Ω–µ –∑–∞–≤–∏—Å–∏–º–æ—Å—Ç–∏ –æ—Ç —Ä–µ–∑—É–ª—å—Ç–∞—Ç–∞",['c']
"#–∏—Ç–º–æ—Å—Ç–∞–∂–∏—Ä–æ–≤–∫–∞ #–∏—Ç–º–æ–≤–∞–∫–∞–Ω—Å–∏—è

–Ω–µ–æ–ø–ª–∞—á–∏–≤–∞–µ–º–∞—è —Å—Ç–∞–∂–∏—Ä–æ–≤–∫–∞, –∫–æ—Ç–æ—Ä—É—é –≤—ã —Å–º–æ–∂–µ—Ç–µ –ø–µ—Ä–µ–∑–∞—á–µ—Å—Ç—å –∫–∞–∫ –ø—Ä–æ—Ö–æ–∂–¥–µ–Ω–∏–µ –ø—Ä–∞–∫—Ç–∏–∫–∏. üôåüèª

—Å—Ç–∞–∂–µ—Ä –≤ –æ—Ç–¥–µ–ª –æ—Ö—Ä–∞–Ω—ã —Ç—Ä—É–¥–∞ –∫–æ–º–ø–∞–Ω–∏–∏ coca-cola hbc.
 
–æ–±—è–∑–∞–Ω–Ω–æ—Å—Ç–∏: 
 
- —É—á–∞—Å—Ç–∏–µ –≤ –ø—Ä–æ–µ–∫—Ç–∞—Ö –æ—Ç–¥–µ–ª–∞ (–Ω–∞–ø—Ä–∏–º–µ—Ä: –∫—É–ª—å—Ç—É—Ä–∞ –±–µ–∑–æ–ø–∞—Å–Ω–æ—Å—Ç–∏ –∏ –ø–æ–≤–µ–¥–µ–Ω—á–µ—Å–∫–∞—è –±–µ–∑–æ–ø–∞—Å–Ω–æ—Å—Ç—å –Ω–∞ –ø—Ä–æ–∏–∑–≤–æ–¥—Å—Ç–≤–µ –∏ –≤ –ª–æ–≥–∏—Å—Ç–∏–∫–µ) 
- —Ä–∞–±–æ—Ç–∞ —Å –∏–Ω—Ñ–æ—Ä–º–∞—Ü–∏–æ–Ω–Ω—ã–º–∏ —Å–∏—Å—Ç–µ–º–∞–º–∏ –∫–æ–º–ø–∞–Ω–∏–∏ 
- –ø–æ–≥—Ä—É–∂–µ–Ω–∏–µ –≤ –ø—Ä–æ–∏–∑–≤–æ–¥—Å—Ç–≤–µ–Ω–Ω—ã–µ –ø—Ä–æ—Ü–µ—Å—Å—ã –∫–æ–º–ø–∞–Ω–∏–∏ 
- –∞–¥–º–∏–Ω–∏—Å—Ç—Ä–∞—Ç–∏–≤–Ω–∞—è –ø–æ–¥–¥–µ—Ä–∂–∫–∞ —Ä–∞–±–æ—Ç—ã –æ—Ç–¥–µ–ª–∞ –æ—Ö—Ä–∞–Ω—ã —Ç—Ä—É–¥–∞ 
- –ø–æ–º–æ—â—å —Å–ø–µ—Ü–∏–∞–ª–∏—Å—Ç–∞–º –æ—Ç–¥–µ–ª–∞ –æ—Ö—Ä–∞–Ω—ã —Ç—Ä—É–¥–∞ –≤ –æ–ø–µ—Ä–∞—Ü–∏–æ–Ω–Ω—ã—Ö –≤–æ–ø—Ä–æ—Å–∞—Ö 

—É—Å–ª–æ–≤–∏—è: 

–ø–µ—Ä–∏–æ–¥ —Å—Ç–∞–∂–∏—Ä–æ–≤–∫–∏: –æ—Ç 2-—Ö –º–µ—Å—è—Ü–µ–≤ 
–≥—Ä–∞—Ñ–∏–∫ —Ä–∞–±–æ—Ç—ã: –æ—Ç 20 —á–∞—Å–æ–≤ –≤ –Ω–µ–¥–µ–ª—é 
–≤–æ–∑–º–æ–∂–Ω–æ—Å—Ç—å –ø–æ–ª—É—á–∏—Ç—å –ø–µ—Ä–≤—ã–π –æ–ø—ã—Ç —Ä–∞–±–æ—Ç—ã –≤ –∫—Ä—É–ø–Ω–æ–π –∑–∞–ø–∞–¥–Ω–æ–π –∫–æ–º–ø–∞–Ω–∏–∏ –∏ –ø—Ä–∏–æ–±—Ä–µ—Å—Ç–∏ –Ω–æ–≤—ã–µ –∑–Ω–∞–Ω–∏—è –∏ –Ω–∞–≤—ã–∫–∏ 
–≤–æ–∑–º–æ–∂–Ω–æ—Å—Ç—å —Ä–∞–∑–≤–∏–≤–∞—Ç—å—Å—è –≤ –∫–æ–º–∞–Ω–¥–µ –ø—Ä–æ—Ñ–µ—Å—Å–∏–æ–Ω–∞–ª–æ–≤ –∏ —É—á–∏—Ç—å—Å—è —Ç–æ–º—É, —á—Ç–æ –∏–Ω—Ç–µ—Ä–µ—Å–Ω–æ 
–∫–æ–º–ø–µ–Ω—Å–∞—Ü–∏—è –ø–∏—Ç–∞–Ω–∏—è 
–∫–æ—Ä–ø–æ—Ä–∞—Ç–∏–≤–Ω—ã–π —Ç—Ä–∞–Ω—Å–ø–æ—Ä—Ç –¥–æ –∑–∞–≤–æ–¥–∞ (–ø. —à—É—à–∞—Ä—ã) –∏ –æ–±—Ä–∞—Ç–Ω–æ 

–ø–æ–¥–∞—Ç—å –∑–∞—è–≤–∫—É –∏ —Ä–µ–∑—é–º–µ ‚Äî https://vk.cc/9g35kl",['c']
"—Å—Ç–∞–Ω—å –≥–µ—Ä–æ–µ–º –±–∏–æ—Ç–µ—Ö–Ω–æ–ª–æ–≥–∏–π –≤–º–µ—Å—Ç–µ —Å [club53768810|biocad]! 
 
–µ—Å–ª–∏ —Ç—ã —Å—Ç—É–¥–µ–Ω—Ç —Å—Ç–∞—Ä—à–∏—Ö –∫—É—Ä—Å–æ–≤ –∏–ª–∏ –Ω–µ–¥–∞–≤–Ω–∏–π –≤—ã–ø—É—Å–∫–Ω–∏–∫ –Ω–∞–ø—Ä–∞–≤–ª–µ–Ω–∏–π –±–∏–æ—Ç–µ—Ö–Ω–æ–ª–æ–≥–∏–π, —Ñ–∞—Ä–º–∞—Ü–∏–∏, –ø–∏—â–µ–≤—ã—Ö –∏ —Ö–∏–º–∏—á–µ—Å–∫–∏—Ö —Ç–µ—Ö–Ω–æ–ª–æ–≥–∏–π, –ø—Ä–∏—Å–æ–µ–¥–∏–Ω—è–π—Å—è –∫ –ø—Ä–æ–≥—Ä–∞–º–º–µ —Ä–∞–∑–≤–∏—Ç–∏—è scale up biocad. 
 
scale up biocad ‚Äî –Ω–µ —Å—Ç–∞–∂–∏—Ä–æ–≤–∫–∞ –∏–ª–∏ –ø—Ä–∞–∫—Ç–∏–∫–∞, —ç—Ç–æ –Ω–∞—Å—Ç–æ—è—â–∞—è –æ–ø–ª–∞—á–∏–≤–∞–µ–º–∞—è —Ä–∞–±–æ—Ç–∞, –≤–æ –≤—Ä–µ–º—è –∫–æ—Ç–æ—Ä–æ–π —Ç—ã –ø—Ä–∏–º–µ—à—å —É—á–∞—Å—Ç–∏–µ –≤ –∑–∞–ø—É—Å–∫–µ –±–∏–æ—Ç–µ—Ö–Ω–æ–ª–æ–≥–∏—á–µ—Å–∫–æ–π –ª–∞–±–æ—Ä–∞—Ç–æ—Ä–∏–∏ –Ω–æ–≤–æ–≥–æ –ø—Ä–æ–∏–∑–≤–æ–¥—Å—Ç–≤–µ–Ω–Ω–æ–≥–æ –∫–æ—Ä–ø—É—Å–∞ biocad. –∞ –ø–æ –∏—Ç–æ–≥–∞–º —Ñ–∏–Ω–∞–ª—å–Ω–æ–≥–æ —ç–∫–∑–∞–º–µ–Ω–∞ –ø–æ–ª—É—á–∏—à—å —à–∞–Ω—Å –ø—Ä–∏—Å–æ–µ–¥–∏–Ω–∏—Ç—å—Å—è –∫ –∫–æ–º–∞–Ω–¥–µ –ª—É—á—à–µ–π –±–∏–æ—Ç–µ—Ö–Ω–æ–ª–æ–≥–∏—á–µ—Å–∫–æ–π –∫–æ–º–ø–∞–Ω–∏–∏ —Å—Ç—Ä–∞–Ω—ã! 
 
‚ö° –∫–æ–≥–æ –º—ã –∏—â–µ–º? —Å—Ç—É–¥–µ–Ω—Ç–æ–≤ —Å—Ç–∞—Ä—à–∏—Ö –∫—É—Ä—Å–æ–≤ –∏ –≤—ã–ø—É—Å–∫–Ω–∏–∫–æ–≤ (–Ω–µ —Ä–∞–Ω—å—à–µ 2017 –≥–æ–¥–∞), –∏–Ω—Ç–µ—Ä–µ—Å—É—é—â–∏—Ö—Å—è –±–∏–æ—Ç–µ—Ö–Ω–æ–ª–æ–≥–∏—è–º–∏. 
 
‚ö° —á—Ç–æ –º—ã –ø—Ä–µ–¥–ª–∞–≥–∞–µ–º? –æ—Ñ–æ—Ä–º–ª–µ–Ω–∏–µ –ø–æ –≥–ø—Ö, –∫–æ–Ω–∫—É—Ä–µ–Ω—Ç–Ω—É—é –∑–∞—Ä–∞–±–æ—Ç–Ω—É—é –ø–ª–∞—Ç—É, –±–µ—Å–ø–ª–∞—Ç–Ω—ã–µ –æ–±–µ–¥—ã, –∫–æ—Ä–ø–æ—Ä–∞—Ç–∏–≤–Ω—ã–π —Ç—Ä–∞–Ω—Å—Ñ–µ—Ä. 
 
‚ö° –∫–∞–∫ –ø–æ–¥–∞—Ç—å –∑–∞—è–≤–∫—É? –æ—Ç–ø—Ä–∞–≤–∏—Ç—å —Ä–µ–∑—é–º–µ –∏ –º–æ—Ç–∏–≤–∞—Ü–∏–æ–Ω–Ω–æ–µ –ø–∏—Å—å–º–æ —á–µ—Ä–µ–∑ —Ñ–æ—Ä–º—É –Ω–∞ —Å–∞–π—Ç–µ https://scaleup.biocad.ru. 
 
‚ö° –¥–µ–¥–ª–∞–π–Ω: 16 –∞–≤–≥—É—Å—Ç–∞ 08:00 –º—Å–∫. 
 
—á—Ç–æ–±—ã —É–∑–Ω–∞—Ç—å –±–æ–ª—å—à–µ –æ –ø—Ä–æ–≥—Ä–∞–º–º–µ –∏ –ø–æ–¥–∞—Ç—å –∑–∞—è–≤–∫—É ‚Äî –ø–µ—Ä–µ—Ö–æ–¥–∏ –Ω–∞ —Å–∞–π—Ç: https://scaleup.biocad.ru 
 
–µ—Å–ª–∏ –æ—Å—Ç–∞–ª–∏—Å—å –≤–æ–ø—Ä–æ—Å—ã, –∑–∞–¥–∞–≤–∞–π –≤ –æ–±—Å—É–∂–¥–µ–Ω–∏–∏: https://vk.com/topic-118488398_40141409 
 
#biocadcareer #–∫–∞—Ä—å–µ—Ä–∞ #–≤–∞–∫–∞–Ω—Å–∏—è #–≤–∞–∫–∞–Ω—Å–∏–∏–±–∏–æ–∫–∞–¥ #–±–∏–æ—Ç–µ—Ö–Ω–æ–ª–æ–≥–∏—è #—Ñ–∞—Ä–º–∞—Ü–∏—è #–ø—Ä–æ–∏–∑–≤–æ–¥—Å—Ç–≤–æ #science #scaleupbiocad","['c', 'bi']"
"—á—Ç–æ —Ç–∞–∫–æ–µ —Ä–∞—Å–ø—Ä–µ–¥–µ–ª–µ–Ω–Ω–∞—è –∫–æ–º–∞–Ω–¥–∞ –∏ –∫–∞–∫ –≤ –Ω–µ–π —Ä–∞–±–æ—Ç–∞—Ç—å? –∫–∞–∫ –Ω–∞—É—á–∏—Ç—å—Å—è —Ä–µ—à–∞—Ç—å –≤–∞–∂–Ω—ã–µ –≤–æ–ø—Ä–æ—Å—ã –Ω–∞ —Ä–∞—Å—Å—Ç–æ—è–Ω–∏–∏ –∏ —Å–∞–º–æ—Å—Ç–æ—è—Ç–µ–ª—å–Ω–æ –ø—Ä–∏–Ω–∏–º–∞—Ç—å —Ä–µ—à–µ–Ω–∏—è? –∫–∞–∫ —Ä–∞–∑—Ä–∞–±–æ—Ç–∞—Ç—å –∫—Ä—É—Ç–æ–µ –≥–∏–±—Ä–∏–¥–Ω–æ–µ –º–æ–±–∏–ª—å–Ω–æ–µ –ø—Ä–∏–ª–æ–∂–µ–Ω–∏–µ –≤—Å–µ–≥–æ –∑–∞ —Ç—Ä–∏ –º–µ—Å—è—Ü–∞? 

 —á—Ç–æ–±—ã –Ω–µ —Ç–æ–º–∏—Ç—å—Å—è —Å –æ—Ç–≤–µ—Ç–∞–º–∏, —Å–ø–µ—à–∏ –ø–æ–ø–∞—Å—Ç—å –≤ it –ª–∞–±–æ—Ä–∞—Ç–æ—Ä–∏—é –∫–æ–º–ø–∞–Ω–∏–∏ emergn! üí´

—É—á–∞—Å—Ç–Ω–∏–∫–∏: —Å—Ç—É–¥–µ–Ω—Ç—ã 4 –∫—É—Ä—Å–∞ –±–∞–∫–∞–ª–∞–≤—Ä–∏–∞—Ç–∞, —Å—Ç—É–¥–µ–Ω—Ç—ã –º–∞–≥–∏—Å—Ç—Ä–∞—Ç—É—Ä—ã, –≤—ã–ø—É—Å–∫–Ω–∏–∫–∏. –∫–æ–ª–∏—á–µ—Å—Ç–≤–æ —É—á–∞—Å—Ç–Ω–∏–∫–æ–≤ –ª–∞–±–æ—Ä–∞—Ç–æ—Ä–∏–∏ ‚Äî 15 —Å—á–∞—Å—Ç–ª–∏–≤—á–∏–∫–æ–≤.
 
‚ùó–∑–∞—è–≤–∫–∏ –ø—Ä–∏–Ω–∏–º–∞—é—Ç—Å—è –¥–æ 9 –∞–≤–≥—É—Å—Ç–∞. –ø–æ–¥–∞—Ç—å –∑–∞—è–≤–∫—É –Ω—É–∂–Ω–æ –ø–æ —Å—Å—ã–ª–∫–µ ‚Äî https://vk.cc/9ekyib. –ø–æ—Å–ª–µ –æ–∫–æ–Ω—á–∞–Ω–∏—è –ø—Ä–∏–µ–º–∞ –∑–∞—è–≤–æ–∫ –Ω–∞ –ø–æ—á—Ç—É –±—É–¥–µ—Ç –≤—ã—Å–ª–∞–Ω–æ —Ç–µ—Å—Ç–æ–≤–æ–µ –∑–∞–¥–∞–Ω–∏–µ. 

—Å—Ç–∞—Ä—Ç –ø—Ä–æ–µ–∫—Ç–∞ it –ª–∞–±–æ—Ä–∞—Ç–æ—Ä–∏–∏ ‚Äî 16 —Å–µ–Ω—Ç—è–±—Ä—è, –ø—Ä–æ–¥–æ–ª–∂–∏—Ç–µ–ª—å–Ω–æ—Å—Ç—å ‚Äî 3 –º–µ—Å—è—Ü–∞. –≤—ã —Å–º–æ–∂–µ—Ç–µ —É—á–∞—Å—Ç–≤–æ–≤–∞—Ç—å –∫–∞–∫ —É–¥–∞–ª–µ–Ω–Ω–æ, —Ç–∞–∫ –∏ –æ—á–Ω–æ. –ø–æ–¥—Ä–æ–±–Ω–µ–µ –æ –ª–∞–±–æ—Ä–∞—Ç–æ—Ä–∏–∏ –∏ —Å—Ç–µ–∫–µ —Ç–µ—Ö–Ω–æ–ª–æ–≥–∏–π –ø–æ —Å—Å—ã–ª–∫–µ ‚Äî https://vk.cc/9ekyib

#–∏—Ç–º–æ—Å—Ç–∞–∂–∏—Ä–æ–≤–∫–∞",[]
"#–∏—Ç–º–æ—Å—Ç–∞–∂–∏—Ä–æ–≤–∫–∞

–∞–æ ¬´—Ä–∞–¥–∏–æ—Ç–µ—Ö–Ω–∏—á–µ—Å–∫–∏–π –∏–Ω—Å—Ç–∏—Ç—É—Ç –∏–º–µ–Ω–∏ –∞–∫–∞–¥–µ–º–∏–∫–∞ –∞.–ª. –º–∏–Ω—Ü–∞¬ª (–∞–æ —Ä—Ç–∏) ‚Äî –≤–µ–¥—É—â–µ–µ –ø—Ä–µ–¥–ø—Ä–∏—è—Ç–∏–µ –ø–æ —Ä–∞–∑—Ä–∞–±–æ—Ç–∫–µ —Å–ª–æ–∂–Ω—ã—Ö —Ä–∞–¥–∏–æ—Ç–µ—Ö–Ω–∏—á–µ—Å–∫–∏—Ö —Å–∏—Å—Ç–µ–º, –æ—Ä–≥–∞–Ω–∏–∑—É–µ—Ç —Å—Ç–∞–∂–∏—Ä–æ–≤–∫—É –Ω–∞ –≤–µ—Å—å –∏—é–ª—å üëáüèª‚òÄ

–¥–∞—Ç—ã ‚Äî 1-31 –∏—é–ª—è 2019 –≥.

–Ω–∞–ø—Ä–∞–≤–ª–µ–Ω–∏—è (—Ç–µ–º—ã –¥–ª—è —Å—Ç–∞–∂–∏—Ä–æ–≤–∫–∏): 
- –ø—Ä–æ–≥—Ä–∞–º–º–∏—Ä–æ–≤–∞–Ω–∏–µ –Ω–∞ —è–∑—ã–∫–µ —Å/—Å++; 
- —Ä–∞–∑—Ä–∞–±–æ—Ç–∫–∞ –∏–Ω—Ç–µ—Ä—Ñ–µ–π—Å–æ–≤ –∞–≤—Ç–æ–º–∞—Ç–∏–∑–∏—Ä–æ–≤–∞–Ω–Ω—ã—Ö —Ä–∞–±–æ—á–∏—Ö –º–µ—Å—Ç (–∞—Ä–º); 
- —Ä–∞–∑—Ä–∞–±–æ—Ç–∫–∞ –∞–ª–≥–æ—Ä–∏—Ç–º–æ–≤ –∏ –ø—Ä–æ–≥—Ä–∞–º–º —Å—Ç–∞—Ç–∏—Å—Ç–∏—á–µ—Å–∫–æ–π –æ–±—Ä–∞–±–æ—Ç–∫–∏ —Ä–µ–∑—É–ª—å—Ç–∞—Ç–æ–≤ –Ω–∞—Ç—É—Ä–Ω—ã—Ö –∏–∑–º–µ—Ä–µ–Ω–∏–π. 

–≤–æ –≤—Ä–µ–º—è —Å—Ç–∞–∂–∏—Ä–æ–≤–∫–∏ –≤—ã –ø–æ–ª—É—á–∏—Ç–µ –±–∞–∑–æ–≤—ã–µ –∑–Ω–∞–Ω–∏—è –≤ –ø—Ä–µ–¥–º–µ—Ç–Ω–æ–π –æ–±–ª–∞—Å—Ç–∏ —Ä–∞–∑—Ä–∞–±–æ—Ç–æ–∫ –∞–æ —Ä—Ç–∏, –ø—Ä–æ–π–¥–µ—Ç–µ –∫—Ä–∞—Ç–∫–∏–π –∫—É—Ä—Å –ø–æ–≤—ã—à–µ–Ω–∏—è –∫–≤–∞–ª–∏—Ñ–∏–∫–∞—Ü–∏–∏ –≤ –æ–±–ª–∞—Å—Ç–∏ –ø—Ä–æ–≥—Ä–∞–º–º–∏—Ä–æ–≤–∞–Ω–∏—è. –∞ —É—Å–ø–µ—à–Ω–æ –ø—Ä–æ—à–µ–¥—à–∏—Ö —Å—Ç–∞–∂–∏—Ä–æ–≤–∫—É –∂–¥–µ—Ç –ø—Ä–∏–≥–ª–∞—à–µ–Ω–∏–µ –Ω–∞ —Ä–∞–±–æ—Ç—É –≤ –∫–æ–º–ø–∞–Ω–∏–∏.
üì£—Ç–∞–∫–∂–µ –≤—ã —Å–º–æ–∂–µ—Ç–µ –ø–µ—Ä–µ–∑–∞—á–µ—Å—Ç—å —Å—Ç–∞–∂–∏—Ä–æ–≤–∫—É –≤ –∫–∞—á–µ—Å—Ç–≤–µ –ø—Ä–∞–∫—Ç–∏–∫–∏ üì£ 

–ø–æ–¥–∞—Ç—å –∑–∞—è–≤–∫—É –∏ —Å–≤—è–∑–∞—Ç—å—Å—è —Å –∫–æ–º–ø–∞–Ω–∏–µ–π –ø–æ —Å—Å—ã–ª–∫–µ ‚Äî https://vk.cc/9w47jd",['—Ä–∞–∑—Ä–∞–±–æ—Ç–∫–∞']
"—Å—Ç—É–¥–µ–Ω—Ç—ã-–¥–∏–∑–∞–π–Ω–µ—Ä—ã, –Ω–∞—Å—Ç–∞–ª –≤–∞—à —á–∞—Å! —Ç–æ—á–Ω–µ–µ, –Ω–µ–¥–µ–ª—è, —Ç–∞–∫ —á—Ç–æ —á–∏—Ç–∞–π—Ç–µ —Å–∫–æ—Ä–µ–µ –∏ –ø–æ–¥–∞–≤–∞–π—Ç–µ –∑–∞—è–≤–∫–∏ –Ω–∞ —Å—Ç–∞–∂–∏—Ä–æ–≤–∫—É üëáüèª",['–¥–∏–∑–∞–π–Ω']
"–≤—á–µ—Ä–∞ –≤–µ—á–µ—Ä–æ–º –º—ã –∑–∞–ø—É–ª–∏–ª–∏ –ø–æ—Å—Ç –æ —Å—Ç–∞–∂–∏—Ä–æ–≤–∫–µ –≤ –∫–æ–º–ø–∞–Ω–∏—é biocad, –∞ —Å–µ–≥–æ–¥–Ω—è —Ä–∞—Å—Å–∫–∞–∂–µ–º, –∑–∞—á–µ–º –≤ –ø—Ä–∏–Ω—Ü–∏–ø–µ –Ω—É–∂–Ω–∞ —Å—Ç–∞–∂–∏—Ä–æ–≤–∫–∞.

‚úåüèª—Å—Ç–∞–∂–∏—Ä–æ–≤–∫–∞ ‚Äî —ç—Ç–æ –Ω–µ–±–æ–ª—å—à–∏–µ, –Ω–æ –≤–µ—Ä–Ω—ã–µ —à–∞–≥–∏ –Ω–∞ –ø—É—Ç–∏ –∫ –≥–ª–∞–≤–Ω–æ–π —Ü–µ–ª–∏ - —Ä–∞–±–æ—Ç–µ/–∫–∞—Ä—å–µ—Ä–µ –º–µ—á—Ç—ã.

‚úåüèª—Å—Ç–∞–∂–∏—Ä–æ–≤–∫–∞ ‚Äî –æ–ø–æ—Ä–Ω–∞—è —Ç–æ—á–∫–∞ + –ø–µ—Ä–≤—ã–π –∫–∞—Ä—å–µ—Ä–Ω—ã–π –æ–ø—ã—Ç + –∏–Ω—Ñ–æ—Ä–º–∞—Ü–∏—è –¥–ª—è –¥–æ–±–∞–≤–ª–µ–Ω–∏—è –≤ —Ä–µ–∑—é–º–µ. 

‚úåüèª—Å—Ç–∞–∂–∏—Ä–æ–≤–∫–∞ ‚Äî –≤–æ–∑–º–æ–∂–Ω–æ—Å—Ç—å –ø–æ—Ä–∞–±–æ—Ç–∞—Ç—å —Å —Ä–∞–∑–Ω—ã–º–∏ –ø—Ä–æ–µ–∫—Ç–∞–º–∏, –±—É–¥—É—á–∏ –Ω–∞ –ø–æ–¥—Ö–≤–∞—Ç–µ, –ø—Ä–∏–æ–±—Ä–µ—Å—Ç–∏ –æ–ø—ã—Ç —Ä–∞–∑–Ω–æ–≥–æ –ø–ª–∞–Ω–∞.

‚úåüèª—Å—Ç–∞–∂–∏—Ä–æ–≤–∫–∞ ‚Äî —Å–ø–æ—Å–æ–± –ø–æ—á—É–≤—Å—Ç–≤–æ–≤–∞—Ç—å —Å–µ–±—è —É–≤–µ—Ä–µ–Ω–Ω–µ–µ, —Ä–∞–∑–≤–∏—Ç—å –Ω–∞–≤—ã–∫–∏ –∫–æ–º–º—É–Ω–∏–∫–∞—Ü–∏–π, –Ω–µ—Ç–≤–æ—Ä–∫–∏–Ω–≥–∞.

‚úåüèª—Å—Ç–∞–∂–∏—Ä–æ–≤–∫–∞ ‚Äî —ç—Ç–æ demo-–≤–µ—Ä—Å–∏—è –Ω–∞—Å—Ç–æ—è—â–µ–π —Ä–∞–±–æ—Ç—ã: –≥—Ä—É–∑ –æ—Ç–≤–µ—Ç—Å—Ç–≤–µ–Ω–Ω–æ—Å—Ç–∏ –Ω–µ —Ç–∞–∫ –≤–µ–ª–∏–∫, –±–æ–ª—å—à–µ –Ω–µ–∑–∞–≤–∏—Å–∏–º–æ—Å—Ç–∏, —Å–≤–æ–±–æ–¥—ã –¥–µ–π—Å—Ç–≤–∏–π. –ø–æ—ç—Ç–æ–º—É —ç—Ç–æ —É–Ω–∏–∫–∞–ª—å–Ω–∞—è –≤–æ–∑–º–æ–∂–Ω–æ—Å—Ç—å –æ—Å–æ–∑–Ω–∞—Ç—å –∏ —Ä–µ—à–∏—Ç—å, –≤ –∫–∞–∫–æ–º –Ω–∞–ø—Ä–∞–≤–ª–µ–Ω–∏–∏ –≤–∞–º –∏–Ω—Ç–µ—Ä–µ—Å–Ω–µ–µ –¥–≤–∏–≥–∞—Ç—å—Å—è.

–≤—Å–µ —Å—Ç–∞–∂–∏—Ä–æ–≤–∫–∏ –≤—ã –º–æ–∂–µ—Ç–µ –æ—Ç—Å–ª–µ–¥–∏—Ç—å –ø–æ —Ö—ç—à—Ç–µ–≥—É #–∏—Ç–º–æ—Å—Ç–∞–∂–∏—Ä–æ–≤–∫–∞.
–∞ –≤—Å–µ –Ω–∞—à–∏ –Ω–∞–∏–º—É–¥—Ä–µ–π—à–∏–µ –∏ –ø–æ–ª–µ–∑–Ω–µ–π—à–∏–µ —Å–æ–≤–µ—Ç—ã –ø–æ —Ç–µ–≥—É #–∫–∞—Ä—å–µ—Ä–∞_advice","['c', 'bi']"
"#–∏—Ç–º–æ—Å—Ç–∞–∂–∏—Ä–æ–≤–∫–∞

–∫–æ–º–ø–∞–Ω–∏—è [club174791939|¬´–±–∞–ª—Ç–∏–∫–∞¬ª, carlsberg group] –æ–±—ä—è–≤–ª—è–µ—Ç –Ω–∞–±–æ—Ä –Ω–∞ —Å—Ç–∞–∂–∏—Ä–æ–≤–∫–∏:

üí¨–≤ –±–∏–∑–Ω–µ—Å- –Ω–∞–ø—Ä–∞–≤–ª–µ–Ω–∏—è—Ö (¬´–∑–≤–µ–∑–¥—ã –±–∞–ª—Ç–∏–∫–∏¬ª) 

¬∑ –º–∞—Ä–∫–µ—Ç–∏–Ω–≥ ¬∑ –ø—Ä–æ–¥–∞–∂–∏ ¬∑ –ª–æ–≥–∏—Å—Ç–∏–∫–∞ ¬∑ —Ñ–∏–Ω–∞–Ω—Å—ã ¬∑ pr ¬∑ it ¬∑ hr;

—Å—Å—ã–ª–∫–∞ - https://vk.cc/8zj89h

üí¨–Ω–∞ –ø—Ä–æ–∏–∑–≤–æ–¥—Å—Ç–≤–µ (¬´—É–ø—Ä–∞–≤–ª—è–π –±—É–¥—É—â–∏–º¬ª) 
 
¬∑ –ø–∏–≤–æ–ø—Ä–æ–∏–∑–≤–æ–¥—Å—Ç–≤–æ ¬∑ —ç–Ω–µ—Ä–≥–µ—Ç–∏–∫–∞ ¬∑ –∏–Ω–∂–µ–Ω–µ—Ä–∏—è ¬∑ –ª–∞–±–æ—Ä–∞—Ç–æ—Ä–Ω—ã–µ –∏—Å—Å–ª–µ–¥–æ–≤–∞–Ω–∏—è

—Å—Å—ã–ª–∫–∞ - https://vk.cc/90mbp2

–∫–∞–∫ —Å—Ç–∞—Ç—å —Å—Ç–∞–∂–µ—Ä–æ–º?
- –∑–∞–ø–æ–ª–Ω–∏—Ç—å –∑–∞—è–≤–∫—É –ø–æ –æ–¥–Ω–æ–π –∏–∑ —Å—Å—ã–ª–æ–∫, —Å–æ–æ—Ç–≤–µ—Ç—Å—Ç–≤—É—é—â–∏—Ö –≤–∞—à–µ–º—É –ø—Ä–æ—Ñ–∏–ª—é –æ–±—É—á–µ–Ω–∏—è.
- –ø—Ä–æ–π—Ç–∏ —Ç–µ—Å—Ç. 
- –ø—Ä–æ–π—Ç–∏ —Å–æ–±–µ—Å–µ–¥–æ–≤–∞–Ω–∏–µ.

–Ω–∞—á–∞–ª–æ —Å—Ç–∞–∂–∏—Ä–æ–≤–æ–∫ - –º–∞–π-–∏—é–Ω—å 2019 –≥–æ–¥–∞. —Å–ª–µ–¥—É—é—â–∏–π –Ω–∞–±–æ—Ä –∑–∞–ø–ª–∞–Ω–∏—Ä–æ–≤–∞–Ω –Ω–∞ –æ—Å–µ–Ω—å 2019 –≥–æ–¥–∞.","['c', '–∏–Ω–∂–µ–Ω–µ—Ä']"
"–∫–æ–º–∞–Ω–¥–∞ elama.ru –∏—â–µ—Ç —Å—Ç–∞–∂–µ—Ä–∞ –≤ –æ—Ç–¥–µ–ª —Å–∏—Å—Ç–µ–º–Ω–æ–≥–æ –∞–¥–º–∏–Ω–∏—Å—Ç—Ä–∏—Ä–æ–≤–∞–Ω–∏—è. 
 
–ø–∏—à–∏ –≤ –ª–∏—á–Ω—ã–µ —Å–æ–æ–±—â–µ–Ω–∏—è, –Ω–∞ –ø–æ—á—Ç—É a.nemolotova@elama.ru –∏–ª–∏ telegram [club63094088|@tankisa] !",['c']
"–≤—ã–ø—É—Å–∫–Ω–∏–∫–∏ –±–∞–∫–∞–ª–∞–≤—Ä–∏–∞—Ç–∞ –∏ —Å—Ç—É–¥–µ–Ω—Ç—ã –º–∞–≥–∏—Å—Ç—Ä–∞—Ç—É—Ä—ã! –¥–ª—è –≤–∞—Å #–∏—Ç–º–æ—Å—Ç–∞–∂–∏—Ä–æ–≤–∫–∞ ü§ó 

–¥–µ–ø–∞—Ä—Ç–∞–º–µ–Ω—Ç –∞—É–¥–∏—Ç–∞ –∫–ø–º–≥ –≤ —Å–∞–Ω–∫—Ç-–ø–µ—Ç–µ—Ä–±—É—Ä–≥–µ –ø—Ä–∏–≥–ª–∞—à–∞–µ—Ç –≤–∞—Å –Ω–∞ test drive day, –≥–¥–µ —É –≤–∞—Å –±—É–¥–µ—Ç –≤–æ–∑–º–æ–∂–Ω–æ—Å—Ç—å:

- –Ω–∞–ø–∏—Å–∞—Ç—å —Ç–µ—Å—Ç –≤ –æ—Ñ–∏—Å–µ ‚Äì –ø—Ä–æ–π—Ç–∏ –ø–µ—Ä–≤—ã–π —ç—Ç–∞–ø –æ—Ç–±–æ—Ä–∞, —Ä–µ–∑—É–ª—å—Ç–∞—Ç—ã –∫–æ—Ç–æ—Ä–æ–≥–æ –±—É–¥—É—Ç –¥–µ–π—Å—Ç–≤–∏—Ç–µ–ª—å–Ω—ã 1 –≥–æ–¥;
- –Ω–∞–ø–∏—Å–∞—Ç—å —Ç–µ—Å—Ç –ø–æ–≤—Ç–æ—Ä–Ω–æ, –µ—Å–ª–∏ —Ä–∞–Ω—å—à–µ –Ω–µ –ø–æ–ª—É—á–∏–ª–æ—Å—å;
- –∑–∞–¥–∞—Ç—å –≤–æ–ª–Ω—É—é—â–∏–µ –≤–æ–ø—Ä–æ—Å—ã hr —Å–ø–µ—Ü–∏–∞–ª–∏—Å—Ç–æ–º –∏ —Å–æ—Ç—Ä—É–¥–Ω–∏–∫–∞–º –∞—É–¥–∏—Ç–∞;
- –ø—Ä–æ–π—Ç–∏ hr –∏–Ω—Ç–µ—Ä–≤—å—é –Ω–∞ –ø–æ–∑–∏—Ü–∏—é –∞—Å—Å–∏—Å—Ç–µ–Ω—Ç –∞—É–¥–∏—Ç–æ—Ä–∞ –≤ —Ç–æ—Ç –∂–µ –¥–µ–Ω—å.
 
16 –∞–ø—Ä–µ–ª—è, 10:30, –æ—Ñ–∏—Å –∫–ø–º–≥, —É–ª. –º–∞—Ä–∞—Ç–∞, 69-71 

–ø–æ –≤—Å–µ–º –≤–æ–ø—Ä–æ—Å–∞–º: +7 (812) 313-73-00, hrstp@kpmg.ru 
 
–∏ –Ω–µ –∑–∞–±—É–¥—å—Ç–µ –∑–∞—Ä–µ–≥–∏—Å—Ç—Ä–∏—Ä–æ–≤–∞—Ç—å—Å—è: https://vk.cc/9eld6y",[]
